image_id,dice_resunet_paper_42,iou_resunet_paper_42,precision_resunet_paper_42,recall_resunet_paper_42,specificity_resunet_paper_42,dice_resunet_paper_43,iou_resunet_paper_43,precision_resunet_paper_43,recall_resunet_paper_43,specificity_resunet_paper_43,dice_resunet_paper_44,iou_resunet_paper_44,precision_resunet_paper_44,recall_resunet_paper_44,specificity_resunet_paper_44,dice_resunet_paper_mean,dice_resunet_paper_seed_sd,iou_resunet_paper_mean,iou_resunet_paper_seed_sd,precision_resunet_paper_mean,precision_resunet_paper_seed_sd,recall_resunet_paper_mean,recall_resunet_paper_seed_sd,specificity_resunet_paper_mean,specificity_resunet_paper_seed_sd,dice_siglip2_frozen_42,iou_siglip2_frozen_42,precision_siglip2_frozen_42,recall_siglip2_frozen_42,specificity_siglip2_frozen_42,dice_siglip2_frozen_43,iou_siglip2_frozen_43,precision_siglip2_frozen_43,recall_siglip2_frozen_43,specificity_siglip2_frozen_43,dice_siglip2_frozen_44,iou_siglip2_frozen_44,precision_siglip2_frozen_44,recall_siglip2_frozen_44,specificity_siglip2_frozen_44,dice_siglip2_frozen_mean,dice_siglip2_frozen_seed_sd,iou_siglip2_frozen_mean,iou_siglip2_frozen_seed_sd,precision_siglip2_frozen_mean,precision_siglip2_frozen_seed_sd,recall_siglip2_frozen_mean,recall_siglip2_frozen_seed_sd,specificity_siglip2_frozen_mean,specificity_siglip2_frozen_seed_sd,dice_siglip2_partial_42,iou_siglip2_partial_42,precision_siglip2_partial_42,recall_siglip2_partial_42,specificity_siglip2_partial_42,dice_siglip2_partial_43,iou_siglip2_partial_43,precision_siglip2_partial_43,recall_siglip2_partial_43,specificity_siglip2_partial_43,dice_siglip2_partial_44,iou_siglip2_partial_44,precision_siglip2_partial_44,recall_siglip2_partial_44,specificity_siglip2_partial_44,dice_siglip2_partial_mean,dice_siglip2_partial_seed_sd,iou_siglip2_partial_mean,iou_siglip2_partial_seed_sd,precision_siglip2_partial_mean,precision_siglip2_partial_seed_sd,recall_siglip2_partial_mean,recall_siglip2_partial_seed_sd,specificity_siglip2_partial_mean,specificity_siglip2_partial_seed_sd,dice_siglip2_full_42,iou_siglip2_full_42,precision_siglip2_full_42,recall_siglip2_full_42,specificity_siglip2_full_42,dice_siglip2_full_43,iou_siglip2_full_43,precision_siglip2_full_43,recall_siglip2_full_43,specificity_siglip2_full_43,dice_siglip2_full_44,iou_siglip2_full_44,precision_siglip2_full_44,recall_siglip2_full_44,specificity_siglip2_full_44,dice_siglip2_full_mean,dice_siglip2_full_seed_sd,iou_siglip2_full_mean,iou_siglip2_full_seed_sd,precision_siglip2_full_mean,precision_siglip2_full_seed_sd,recall_siglip2_full_mean,recall_siglip2_full_seed_sd,specificity_siglip2_full_mean,specificity_siglip2_full_seed_sd,foreground_fraction,foreground_pixels,total_pixels,lesion_size_group
cju0s690hkp960855tjuaqvv0,0.9406569004058838,0.8879624605178833,0.977624773979187,0.906382977962494,0.9992092251777648,0.97091543674469,0.9434748888015748,0.978654444217682,0.9632978439331056,0.9991990923881532,0.9495387673377992,0.903925597667694,0.9689922332763672,0.9308510422706604,0.9988645315170288,0.9537037014961243,0.01555328784370374,0.9117876489957174,0.02857912370597381,0.975090483824412,0.005306274588641057,0.9335106213887533,0.028550490589956887,0.9990909496943156,0.00019614933497396906,0.9135119915008544,0.8407934904098511,0.9505462646484376,0.8792552947998047,0.998256266117096,0.9173162579536438,0.8472614884376526,0.9623247385025024,0.876329779624939,0.9986922144889832,0.9489673376083374,0.90289044380188,0.9508678317070008,0.9470744729042052,0.9981346130371094,0.9265985290209452,0.01946511775010617,0.8636484742164612,0.03413807086419955,0.9545796116193136,0.006709403413926514,0.9008865157763163,0.04002668107019831,0.9983610312143961,0.0002931921537015934,0.9598958492279052,0.9228843450546264,0.9403061270713806,0.9803191423416138,0.9976277351379396,0.9373019337654114,0.882002055644989,0.9725478887557985,0.9045212864875792,0.9990267753601074,0.9608522057533264,0.9246540069580078,0.9621333479881288,0.9595744609832764,0.9985604286193848,0.9526833295822144,0.013329259447013596,0.9098468025525411,0.024130486393197544,0.9583291212717692,0.016454084745460503,0.9481382966041565,0.039171649566962806,0.9984049797058105,0.0007123564131524452,0.9668105840682985,0.9357534646987916,0.9811062216758728,0.9529255032539368,0.999300479888916,0.9373375177383424,0.8820650577545166,0.9168362021446228,0.958776593208313,0.9966849088668824,0.9614555239677428,0.9257721304893494,0.9745901823043824,0.948670208454132,0.9990571737289428,0.9552012085914612,0.015700406215827398,0.9145302176475525,0.02855515213250381,0.9575108687082926,0.03537564228847296,0.9534574349721273,0.005074146895242435,0.9983475208282471,0.0014449942465023181,0.0366238264515541,12054,329130,small
cju0sr5ghl0nd08789uzf1raf,0.9257737994194032,0.861805260181427,0.9280882477760316,0.9234708547592164,0.9889780282974244,0.8551307916641235,0.7469244003295898,0.8712984323501587,0.8395522236824036,0.9808975458145142,0.874435305595398,0.7768858671188354,0.8008031249046326,0.9629791975021362,0.963102400302887,0.8851132988929749,0.036511960941935845,0.7952051758766174,0.05959111339030823,0.8667299350102743,0.06376542168021149,0.9086674253145853,0.06303102893865742,0.9776593248049418,0.013238262254089445,0.9324305653572084,0.8734143972396851,0.891484260559082,0.9773193001747132,0.981675148010254,0.94600647687912,0.8975448608398438,0.919944703578949,0.973587930202484,0.9869494438171388,0.9538295269012452,0.9117342829704284,0.939972996711731,0.9681006669998168,0.9904769659042358,0.9440888563791913,0.010827596228023213,0.8942311803499857,0.01937366174464588,0.9171339869499207,0.02436625698372286,0.9730026324590048,0.004637103566852579,0.9863671859105428,0.004429702897717829,0.9525799751281738,0.9094536304473876,0.9231244325637816,0.983977198600769,0.98737770318985,0.9549633264541626,0.9138084053993224,0.9307542443275452,0.980465292930603,0.9887639284133912,0.9482831358909608,0.9016525149345398,0.9133234024047852,0.9860257506370544,0.9855858087539672,0.9519421458244324,0.0033854624729431015,0.9083048502604166,0.0061588302612128375,0.922400693098704,0.008737929482666081,0.9834894140561422,0.0028121384741494095,0.9872424801190695,0.0015933691039925098,0.9559618830680848,0.9156388640403748,0.930282473564148,0.9830992221832277,0.9886512160301208,0.7025911211967468,0.5415341258049011,0.941378891468048,0.5604331493377686,0.9946242570877076,0.959896981716156,0.9228864312171936,0.9391669631004332,0.9815627932548524,0.9902064800262452,0.8728166619936625,0.1474327721541053,0.7933531403541565,0.21811176922374959,0.9369427760442098,0.005873063818851492,0.8416983882586161,0.24358405350589787,0.9911606510480245,0.0030987314538383163,0.13352965807806536,165185,1237066,medium
cju0sxqiclckk08551ycbwhno,0.8046122193336487,0.6730971932411194,0.6733001470565796,0.9995523691177368,0.977872371673584,0.8903633952140808,0.8023918867111206,0.8185060024261475,0.976051926612854,0.9901257753372192,0.270280659198761,0.1562569439411163,0.9577656388282776,0.1573410928249359,0.999683439731598,0.6550854245821635,0.33599753963020446,0.5439153412977854,0.3418896813604225,0.8165239294370016,0.14224310339074164,0.7109817961851755,0.4796108724918535,0.9892271955808004,0.010933263768967354,0.6720789074897766,0.506113588809967,0.5083792209625244,0.9912712574005128,0.9562655687332152,0.7645481824874878,0.6188409924507141,0.6229392886161804,0.98948073387146,0.9726749062538148,0.4744424223899841,0.3109960854053497,0.311475396156311,0.9950761198997498,0.899644672870636,0.6370231707890829,0.14819587213265717,0.4786502222220103,0.1557491543370321,0.48093130191167194,0.15753564762214897,0.9919427037239075,0.0028574842651002226,0.9428617159525553,0.03831580873509777,0.4560523927211761,0.2953807413578033,0.2955962419509887,0.9975380301475524,0.8915472030639648,0.4081427156925201,0.2563940584659576,0.2564972341060638,0.9984332919120787,0.8679593801498413,0.6059076189994812,0.4346251785755157,0.4357766509056091,0.9939570426940918,0.9412857890129088,0.49003424247105914,0.10316886075420548,0.32879999279975886,0.09369748032408566,0.32929004232088716,0.09426946196685966,0.9966427882512411,0.002368606194593273,0.9002641240755717,0.0374323268463287,0.4410109519958496,0.2828826606273651,0.2829005718231201,0.9997761845588684,0.884378969669342,0.833800196647644,0.7149719595909119,0.715315580368042,0.9993285536766052,0.9818547368049622,0.6842830777168274,0.5200838446617126,0.5201444029808044,0.9997761845588684,0.9579197764396667,0.6530314087867737,0.1982507195112216,0.5059794882933298,0.21638967216835253,0.5061201850573221,0.2165483639282463,0.9996269742647806,0.0002584398103722387,0.941384494304657,0.05079806060404954,0.043506128787127896,13168,302670,small
cju0t4oil7vzk099370nun5h9,0.8807482123374939,0.7869080305099487,0.9840678572654724,0.7970626950263977,0.993358552455902,0.9554311633110046,0.9146655797958374,0.9853704571723938,0.9272575974464417,0.992914855480194,0.9595839381217957,0.9223079085350036,0.9815165400505066,0.9386100769042968,0.9909031987190248,0.931921104590098,0.044365640542876894,0.8746271729469299,0.07606304792439568,0.9836516181627909,0.0019603853035933152,0.8876434564590454,0.07865033664104007,0.9923922022183737,0.001308459138593124,0.9734488129615784,0.948271095752716,0.9604464173316956,0.9868080615997314,0.9790846705436708,0.9728299379348756,0.9470973014831544,0.9631027579307556,0.9827556610107422,0.9806230068206788,0.9727043509483336,0.9468592405319214,0.9638795852661132,0.9816922545433044,0.9810667634010316,0.9729943672815958,0.00039853943322868703,0.9474092125892639,0.000755844028028972,0.9624762535095215,0.0018002892431072835,0.9837519923845927,0.002699514329381528,0.9802581469217938,0.0010401995400696176,0.9734287858009338,0.9482330679893494,0.9586445093154908,0.9886761903762816,0.9780492782592772,0.9755986332893372,0.9523597955703736,0.9654939770698548,0.9859170913696288,0.9818655252456664,0.9761200547218324,0.953354001045227,0.9707512855529784,0.981548547744751,0.9847794771194458,0.9750491579373678,0.0014272962106602126,0.9513156215349833,0.002715458230728771,0.9649632573127747,0.006070811750628151,0.9853806098302206,0.0035939785339227813,0.9815647602081299,0.003375165015255826,0.9776965379714966,0.9563663005828856,0.9789925813674928,0.9764039516448976,0.989216923713684,0.9777294993400574,0.9564293026924132,0.9725856184959412,0.9829280972480774,0.9857409000396729,0.9786521196365356,0.9581966400146484,0.9750919938087464,0.9822382926940918,0.9870869517326356,0.9780260523160299,0.0005424406237629271,0.9569974144299825,0.0010390374481410083,0.9755567312240601,0.003228665197609469,0.9805234471956888,0.0035842210137513983,0.9873482584953308,0.0017526825336449626,0.33988958320694046,112048,329660,large
cju0tl3uz8blh0993wxvn7ly3,0.474180519580841,0.3107710480690002,0.3116883039474487,0.9906191229820251,0.9885537028312684,0.356855571269989,0.217178463935852,0.2216167151927948,0.915572226047516,0.9831741452217102,0.3291904628276825,0.1970245242118835,0.2004909962415695,0.9193245768547058,0.9808181524276732,0.3867421845595042,0.07697685613065007,0.24165801207224522,0.06069599764495102,0.24459867179393768,0.05905368792185298,0.9418386419614156,0.04228677725479429,0.9841820001602173,0.0039650364051853635,0.1120154187083244,0.0593306869268417,0.0593980699777603,0.9812382459640504,0.9186978936195374,0.0915383249521255,0.0479644574224948,0.047981858253479,0.99249529838562,0.8969637155532837,0.2354767173528671,0.1334506124258041,0.1335177272558212,0.99624764919281,0.9661715626716614,0.146343487004439,0.07786769167269887,0.08024858559171354,0.046423480456853315,0.08029921849568683,0.046440711972608455,0.9899937311808268,0.007811141093396475,0.9272777239481608,0.03539267780263539,0.4448160529136657,0.2860215008258819,0.2861753702163696,0.998123824596405,0.986973226070404,0.8024224042892456,0.6700379252433777,0.6725888252258301,0.9943714737892152,0.997467279434204,0.8351107239723206,0.716901421546936,0.7419825196266174,0.9549718499183656,0.9982624650001526,0.6941163937250773,0.21651818978423085,0.5576536158720652,0.23640442310751217,0.5669155716896057,0.2455914631009644,0.9824890494346619,0.023904335089263613,0.9942343235015869,0.006300851684488424,0.867986798286438,0.7667638659477234,0.7746686339378357,0.9868667721748352,0.9984980225563048,0.9207479953765868,0.8531352877616882,0.8762711882591248,0.9699812531471252,0.9992833733558656,0.8185328245162964,0.6928104758262634,0.6955380439758301,0.9943714737892152,0.9977225065231324,0.8690892060597738,0.05111650189198811,0.770903209845225,0.08024251962930047,0.7821592887242635,0.09059911584821691,0.9837398330370585,0.012492158621350327,0.9985013008117676,0.0007804385802872426,0.00527294719758812,1735,329038,small
cju0u2g7pmnux0801vkk47ivj,0.9375155568122864,0.8823805451393127,0.9322985410690308,0.9427912831306458,0.9717073440551758,0.826168417930603,0.7038219571113586,0.8970226049423218,0.7656881213188171,0.963675022125244,0.8957047462463379,0.8111097812652588,0.8698703646659851,0.923120617866516,0.9429316520690918,0.8864629069964091,0.05624593344256421,0.7991040945053101,0.08988267199837612,0.8997305035591125,0.03130205805440849,0.8772000074386597,0.09707167108630047,0.9594380060831705,0.01484837839715454,0.9506614208221436,0.9059625267982484,0.9899128675460817,0.914404034614563,0.9961494207382202,0.9565772414207458,0.9167686104774476,0.9893655180931092,0.9258925318717957,0.9958872199058532,0.9546305537223816,0.9131991863250732,0.9921472668647766,0.9198477268218994,0.9969913363456726,0.953956405321757,0.003014977676245767,0.9119767745335897,0.005505776880825478,0.9904752175013224,0.0014736721688651678,0.9200480977694193,0.005746869034075699,0.996342658996582,0.0005768657092780893,0.9609412550926208,0.924818992614746,0.9892492294311525,0.934208333492279,0.9958044290542604,0.9659539461135864,0.9341498017311096,0.9795357584953308,0.9527435302734376,0.9917744398117064,0.9649358987808228,0.9322474598884584,0.9844673275947572,0.94616436958313,0.9938308000564576,0.9639436999956766,0.0026495493276878696,0.9304054180781046,0.00493060221624317,0.9844174385070801,0.004856927639574723,0.9443720777829488,0.009396680922103025,0.9938032229741415,0.0020151361480994054,0.9678808450698853,0.9377607107162476,0.990800678730011,0.945997416973114,0.996370255947113,0.9696213603019714,0.9410340785980223,0.992653489112854,0.9476338624954224,0.9971017241477966,0.9686540961265564,0.9392135739326476,0.9897536039352416,0.948435366153717,0.9959424138069152,0.9687187671661377,0.000872057954382275,0.9393361210823059,0.0016401212379808133,0.9910692572593689,0.0014684802792881068,0.9473555485407511,0.0012425751666697252,0.9964714646339417,0.000586244416038093,0.29237871722817527,94681,323830,large
cju0u82z3cuma0835wlxrnrjv,0.9102737307548524,0.8353232741355896,0.8891947865486145,0.9323763251304626,0.9619000554084778,0.8503060936927795,0.739593505859375,0.9346476197242736,0.7799264192581177,0.9821171760559082,0.9084500074386596,0.8322568535804749,0.925773859024048,0.8917625546455383,0.9765539169311525,0.8896766106287638,0.03410805908489189,0.8023912111918131,0.05440601602782551,0.9165387550989786,0.024092641393249018,0.8680217663447062,0.07894911159715735,0.9735237161318461,0.010443638230103377,0.9501262307167052,0.9049909114837646,0.9199036955833436,0.9824020266532898,0.9719502329826356,0.9526253938674928,0.9095364809036256,0.9440065026283264,0.9614030718803406,0.981300175189972,0.9373350143432616,0.882060706615448,0.9077470302581788,0.9689168334007264,0.9677097201347352,0.9466955463091532,0.008202202333941927,0.8988626996676127,0.01472738192047175,0.9238857428232828,0.018454805859347466,0.9709073106447855,0.010640043474226491,0.9736533761024476,0.006953462412138662,0.9328799843788148,0.8742035031318665,0.884046196937561,0.987424373626709,0.957529842853546,0.9298229217529296,0.8688496351242065,0.8769187927246094,0.9895203113555908,0.9544564485549928,0.9577080011367798,0.9188480973243712,0.9326213002204896,0.984181582927704,0.9766835570335388,0.9401369690895081,0.015293537307612444,0.8873004118601481,0.027451927423644204,0.8978620966275533,0.03031256585172386,0.9870420893033346,0.0026898162176262467,0.9628899494806925,0.01204405019584559,0.9480159878730774,0.9011695384979248,0.9170239567756652,0.9811760783195496,0.9708868861198424,0.929347038269043,0.8680188655853271,0.8823989629745483,0.9815715551376344,0.9571019411087036,0.9137492179870604,0.8411954641342163,0.8562588691711426,0.9795151948928832,0.9460791349411012,0.9303707480430603,0.017156306883515857,0.8701279560724894,0.030042613001504844,0.8852272629737854,0.03048111593364963,0.9807542761166891,0.0010911426065376556,0.9580226540565491,0.012429477619185447,0.24693091785743543,84400,341796,large
cju0ue769mxii08019zqgdbxn,0.9529885053634644,0.9101987481117249,0.9144848585128784,0.9948770403862,0.9953445196151732,0.951183557510376,0.9069114327430724,0.9134125709533693,0.9922131299972534,0.9952932596206664,0.9561122059822084,0.91591477394104,0.9354901909828186,0.9776639342308044,0.996626317501068,0.9534280896186829,0.0024935556295781654,0.9110083182652792,0.00455594019461403,0.9211292068163554,0.012448528018389329,0.9882513682047526,0.009265226562508774,0.9957546989123025,0.00075527883590786,0.9375185370445251,0.8823857307434082,0.9043991565704346,0.9731557369232178,0.9948523640632628,0.9305378794670104,0.8700989484786987,0.8914961218833923,0.9731557369232178,0.9940730333328248,0.9375246167182922,0.8823965787887573,0.902999222278595,0.97479510307312,0.994760036468506,0.935193677743276,0.004032040728039107,0.8782937526702881,0.007096910681690296,0.8996315002441406,0.0070801299288760075,0.9737021923065186,0.0009464884879464145,0.9945618112881979,0.000425803961269026,0.9298056960105896,0.868819534778595,0.8879358768463135,0.9758196473121644,0.9938371777534484,0.9374064207077026,0.8821871280670166,0.9139575362205504,0.9620901346206664,0.9954676032066344,0.9261320233345032,0.8624262809753418,0.8706709742546082,0.9891393184661864,0.992647647857666,0.9311147133509318,0.005750056854517977,0.8711443146069845,0.010083462717886307,0.8908547957738241,0.021790403334653412,0.9756830334663391,0.013525109396390799,0.9939841429392496,0.0014157104636619935,0.9368796348571776,0.8812545537948608,0.8843005299568176,0.9961065649986268,0.9934782385826112,0.94885915517807,0.902694582939148,0.9122541546821594,0.988524615764618,0.9952419996261596,0.9417937994003296,0.8899908065795898,0.8955830931663513,0.9930328130722046,0.9942063093185424,0.9425108631451925,0.006021865333126903,0.8913133144378662,0.010781024195472905,0.8973792592684428,0.014063105749479271,0.9925546646118164,0.0038135230442990975,0.9943088491757711,0.000886340268421253,0.04773933917797338,16347,342422,small
cju0vtox5ain6099360pu62rp,0.7812150120735168,0.6409785151481628,0.643252432346344,0.9945151209831238,0.9743055105209352,0.799717903137207,0.6662749648094177,0.6684350371360779,0.9951733350753784,0.9770037531852722,0.7974660992622375,0.6631548404693604,0.6656874418258667,0.9942957162857056,0.9767380356788636,0.7927996714909872,0.010095588419548378,0.656802773475647,0.013792721184942722,0.6591249704360962,0.01381450031869229,0.9946613907814026,0.00045672729873864854,0.9760157664616903,0.001487071950333697,0.8751322031021118,0.7779866456985474,0.7787852883338928,0.9986836314201356,0.986784815788269,0.9010225534439088,0.8198735117912292,0.8228467702865601,0.99561208486557,0.9900144934654236,0.8885141611099243,0.7993931770324707,0.8108254671096802,0.982667863368988,0.9893195033073424,0.8882229725519816,0.012947631184407995,0.7990844448407491,0.02094513963766343,0.8041525085767111,0.022776080208265635,0.9923211932182312,0.008499922496289765,0.9887062708536783,0.0016999250001831637,0.8362627029418945,0.7186009287834167,0.7229686379432678,0.9916630387306212,0.9822980165481568,0.8383057117462158,0.7216233611106873,0.7223103642463684,0.9986836314201356,0.9821140170097352,0.8350297808647156,0.7167820930480957,0.7173467874526978,0.9989030361175536,0.9816642999649048,0.836532731850942,0.0016545747169235835,0.7190021276473999,0.0024454425999833385,0.7208752632141113,0.003073424305911849,0.9964165687561035,0.004118139189328506,0.9820254445075989,0.00032601072539592454,0.8798988461494446,0.7855530381202698,0.7902183532714844,0.9925405979156494,0.9877250790596008,0.966205358505249,0.934620201587677,0.945412576198578,0.9879332780838012,0.9973426461219788,0.8905541300773621,0.8027017712593079,0.8087392449378967,0.9907854199409484,0.9890844225883484,0.9122194449106852,0.04705574267691368,0.8409583369890848,0.08156548548333566,0.8481233914693197,0.08476228498567363,0.9904197653134664,0.0023253228782654767,0.9913840492566427,0.005204864182664315,0.04454678123542912,14713,330282,small
cju13cgqmnhwn0988yrainhcp,0.9003933072090149,0.8188320994377136,0.8267892599105835,0.9883830547332764,0.9705777168273926,0.8846248388290405,0.7931185960769653,0.7985333800315857,0.9915227890014648,0.9644545912742616,0.9050655364990234,0.8265933990478516,0.8324766159057617,0.9915227890014648,0.9716484546661376,0.896694560845693,0.010710558986535279,0.8128480315208435,0.01752134156137021,0.8192664186159769,0.01817912735145352,0.9904762109120687,0.0018127264249225095,0.9688935875892639,0.003881383270598677,0.975624978542328,0.9524099826812744,0.9695372581481934,0.9817896485328674,0.9956167936325072,0.977016031742096,0.9550647735595704,0.9764032363891602,0.977629542350769,0.9966428875923156,0.9690921306610109,0.9400375485420228,0.9553809762001038,0.9832025170326232,0.993475377559662,0.9739110469818115,0.004230865529806638,0.9491707682609558,0.00802020919163595,0.9671071569124857,0.010719743461293143,0.9808739026387533,0.002897145941799806,0.9952450195948283,0.0016161503343004233,0.9735807776451112,0.948521614074707,0.9652804732322692,0.982025146484375,0.994981050491333,0.9687680006027222,0.9394277930259703,0.9486870765686036,0.989717423915863,0.9923934936523438,0.9220163226127625,0.8553156852722168,0.8612019419670105,0.9920722246170044,0.977280855178833,0.9547883669535319,0.02848325601857972,0.9144216974576315,0.05138885971359353,0.9250564972559611,0.05591858704019329,0.9879382650057474,0.005254521821381336,0.9882184664408366,0.009560197052769398,0.985881507396698,0.9721561670303344,0.977102756500244,0.9948194622993468,0.9966874718666076,0.9873555898666382,0.9750269651412964,0.9818379282951356,0.9929356575012208,0.9973901510238647,0.9129239916801452,0.8397977352142334,0.8463859558105469,0.9908163547515868,0.9744479060173036,0.9620536963144938,0.04255395560786093,0.9289936224619547,0.07725923955670051,0.9351088802019755,0.07687277442246478,0.9928571581840515,0.002002707945964745,0.9895085096359253,0.01304759654179428,0.12427880958232396,42478,341796,medium
cju13fwthn9mq0835gacxgy01,0.9703054428100586,0.9423235654830932,0.9763672947883606,0.9643184542655944,0.996247947216034,0.7774895429611206,0.6359778046607971,0.895714521408081,0.6868345141410828,0.9871456027030944,0.8975281119346619,0.814105212688446,0.9688623547554016,0.8359777331352234,0.9956812262535096,0.881774365901947,0.09736851746938731,0.7974688609441122,0.15384897608683898,0.9469813903172811,0.0445567045127824,0.8290435671806335,0.1388718699012519,0.9930249253908793,0.005099521508207269,0.8740713000297546,0.776311457157135,0.7790101170539856,0.995557427406311,0.9546016454696656,0.9684304594993592,0.9387932419776917,0.9461186528205872,0.9918200373649596,0.9909203052520752,0.9372320175170898,0.8818783760070801,0.8925677537918091,0.9866017699241638,0.980911135673523,0.9265779256820679,0.048073329389323335,0.8656610250473022,0.08244594867992527,0.872565507888794,0.08533102051650328,0.9913264115651449,0.004498188530627296,0.9754776954650879,0.018759076908834885,0.8577399253845215,0.7509147524833679,0.7601590752601624,0.98406320810318,0.9500901103019714,0.796660840511322,0.6620417833328247,0.6638153791427612,0.9959805607795716,0.918917715549469,0.961929202079773,0.9266508221626282,0.934037446975708,0.9915379881858826,0.9887439012527466,0.8721099893252054,0.08356603309434144,0.7798691193262736,0.13465976524954762,0.7860039671262106,0.13695240163156766,0.9905272523562113,0.006022625166105748,0.952583909034729,0.03497982742319892,0.9688647985458374,0.9396098256111144,0.980155885219574,0.9578309059143066,0.9968827366828918,0.9748251438140868,0.9508866667747498,0.9817622900009156,0.9679853320121764,0.9971094727516174,0.9668660759925842,0.9358574151992798,0.9825276732444764,0.9516959190368652,0.9972795248031616,0.9701853394508362,0.004140599154488467,0.942117969195048,0.007822255998617795,0.9814819494883219,0.0012104906901825448,0.9591707189877828,0.008226941599036188,0.9970905780792236,0.00019906772611464967,0.1384634990760604,45633,329567,medium
cju13hp5rnbjx0835bf0jowgx,9.168423832639494e-12,9.168423832639494e-12,1.0,9.168423832639494e-12,1.0,9.168423832639494e-12,9.168423832639494e-12,1.0,9.168423832639494e-12,1.0,9.168423832639494e-12,9.168423832639494e-12,1.0,9.168423832639494e-12,1.0,9.168423832639494e-12,0.0,9.168423832639494e-12,0.0,1.0,0.0,9.168423832639494e-12,0.0,1.0,0.0,0.8625204563140869,0.7582733631134033,0.975361466407776,0.7730814814567566,0.9976719617843628,0.8504326343536377,0.7397849559783936,0.9702667593955994,0.7569450736045837,0.9972347617149352,0.8554610013961792,0.7474284768104553,0.9288859963417052,0.7927936315536499,0.9927644729614258,0.8561380306879679,0.0060722842846275375,0.7484955986340841,0.009290283167768277,0.9581714073816935,0.025489517153543383,0.7742733955383301,0.017953976471530717,0.9958903988202413,0.0027159428070718497,0.7979319095611572,0.6637992262840271,0.7471991181373596,0.856055736541748,0.9654727578163148,0.8552714586257935,0.7471390962600708,0.9082852602005004,0.8081048727035522,0.9902724623680116,0.863531231880188,0.7598371505737305,0.9826859831809998,0.7701476216316223,0.9983823895454408,0.8389115333557129,0.03572888381003509,0.7235918243726095,0.05216968694055217,0.8793901205062866,0.1203732226264691,0.8114360769589742,0.04305082743916019,0.9847092032432557,0.017145651174672788,0.9508517980575562,0.90630841255188,0.9684350490570068,0.9338956475257874,0.996371328830719,0.9398350715637208,0.8864989876747131,0.96666020154953,0.9144586324691772,0.9962401390075684,0.9421886205673218,0.8906962275505066,0.972482442855835,0.9137251377105712,0.9969177842140198,0.9442918300628662,0.005801696587775397,0.8945012092590332,0.010438474162572616,0.9691925644874573,0.0029841239380660324,0.9206931392351786,0.01143958795206018,0.9965097506841024,0.0003594039698962902,0.10654228810531606,35189,330282,medium
cju14g8o4xui30878gkgbrvqj,0.9162476062774658,0.8454399704933167,0.8457106351852417,0.9996216297149658,0.9951682686805724,0.9185056686401368,0.849293053150177,0.849293053150177,1.0,0.9952985644340516,0.8910990953445435,0.8035877346992493,0.8035877346992493,1.0,0.9935242533683776,0.9086174567540487,0.015213298500455441,0.8327735861142477,0.025349003996289903,0.8328638076782227,0.025417017260518683,0.9998738765716553,0.00021845218591783907,0.9946636954943339,0.0009889340294713922,0.9265096783638,0.8630815148353577,0.8708388805389404,0.9897843599319458,0.9961105585098268,0.9128931760787964,0.8397456407546997,0.8402799963951111,0.9992432594299316,0.994967758655548,0.9269841313362122,0.8639053106307983,0.8681862950325012,0.9943246245384216,0.9960002899169922,0.9221289952596029,0.008001971217217187,0.8555774887402853,0.013716968245831981,0.8597683906555176,0.016929476826057752,0.9944507479667664,0.004730710862823077,0.9956928690274557,0.0006303797103551811,0.8971137404441833,0.8134236335754395,0.8136741518974304,0.9996216297149658,0.9939352869987488,0.9118309617042542,0.8379496932029724,0.8408945798873901,0.9958380460739136,0.995007872581482,0.9206902384757996,0.8530361652374268,0.8535875678062439,0.9992432594299316,0.995458960533142,0.9098783135414124,0.011908922747024092,0.8348031640052795,0.01999283998490302,0.8360520998636881,0.020392582032750187,0.9982343117396036,0.002083832496524886,0.9948007067044576,0.0007826771590541316,0.94006085395813,0.8869007229804993,0.8917176127433777,0.9939462542533876,0.9968022108078004,0.958599328994751,0.9204903841018676,0.9253520965576172,0.9943246245384216,0.9978748559951782,0.9119170904159546,0.8380952477455139,0.8388941884040833,0.9988649487495422,0.994917631149292,0.9368590911229452,0.023505240131117454,0.881828784942627,0.041431063712998484,0.885321299235026,0.04358241721662612,0.9957119425137838,0.002737129383167305,0.9965315659840902,0.001497074200810552,0.02580219327726004,8522,330282,small
cju14hjh2ob2o0835ouz3r5aa,0.8604100942611694,0.7550173401832581,0.7877084016799927,0.947896420955658,0.9633129239082336,0.8570247888565063,0.7498192191123962,0.7691974639892578,0.9674935936927797,0.9583095908164978,0.8953529000282288,0.8105329871177673,0.89545738697052,0.8952484726905823,0.984990119934082,0.8709292610486349,0.021219111171886174,0.7717898488044739,0.03365305618274624,0.8174544175465902,0.06818365737301328,0.9368794957796732,0.03736132836778517,0.9688708782196045,0.014182059109805929,0.9442004561424256,0.8942990303039551,0.9198938012123108,0.9698265790939332,0.9878714680671692,0.9212477207183838,0.8539937138557434,0.8722118139266968,0.9761256575584412,0.979461908340454,0.9351223707199096,0.8781501054763794,0.9025466442108154,0.970137655735016,0.9849566221237184,0.9335235158602396,0.011559596381718266,0.8754809498786926,0.0202847954685552,0.8982174197832743,0.02413399295567101,0.97202996412913,0.0035503831721848092,0.9840966661771139,0.00427022445216559,0.9305890202522278,0.8701883554458618,0.8767104744911194,0.9915234446525574,0.9799756407737732,0.9461281895637512,0.8977640271186829,0.903545379638672,0.9929232597351074,0.9847779273986816,0.9442951083183287,0.8944687843322754,0.9081507921218872,0.9834357500076294,0.9857160449028016,0.9403374393781027,0.00849198465044368,0.8874737222989401,0.01505996635751434,0.8961355487505595,0.01697947550790988,0.989294151465098,0.005121574103143185,0.9834898710250854,0.003079346815042587,0.941149890422821,0.888841450214386,0.912811517715454,0.9713041186332704,0.9866765141487122,0.9202119708061218,0.8522154092788696,0.8734716773033142,0.9722373485565186,0.9797746539115906,0.9099374413490297,0.8347570896148682,0.8547803163528442,0.9727039337158204,0.9762678742408752,0.9237664341926575,0.015906913646923225,0.8586046497027079,0.027602469278306896,0.8803545037905375,0.029621530315580537,0.9720818003018697,0.0007127531206363526,0.980906347433726,0.005295799642526732,0.1254744161148102,41722,332514,medium
cju14pxbaoksp0835qzorx6g6,0.6409406065940857,0.4716060757637024,0.4741971492767334,0.9885464906692504,0.9154376983642578,0.621832013130188,0.4512019157409668,0.4553458392620086,0.9802290797233582,0.9095470309257508,0.6107147336006165,0.4395891427993774,0.4423041641712188,0.9862285256385804,0.9040666222572328,0.62449578444163,0.015287989002942131,0.4541323781013489,0.016208383828893377,0.4572823842366536,0.01603444041943032,0.9850013653437296,0.004292350521876752,0.9096837838490804,0.0056867714020759005,0.8850876688957214,0.7938629984855652,0.8017708659172058,0.9877284169197084,0.9811604619026184,0.9759311676025392,0.9529936909675598,0.9625994563102722,0.9896373152732848,0.9970336556434632,0.8192784786224365,0.6938794851303101,0.6960625648498535,0.995500385761261,0.966465413570404,0.8934324383735657,0.07865902760906064,0.813578724861145,0.13067737109597327,0.8201442956924438,0.13421499848610421,0.9909553726514181,0.0040501643617950655,0.9815531770388285,0.015287904524261754,0.9720911383628844,0.945697784423828,0.9613333344459534,0.9830924272537231,0.9969494938850404,0.9698973894119264,0.9415541887283324,0.9603047370910645,0.9796836376190186,0.9968758821487428,0.9687082171440125,0.939315378665924,0.9504067301750184,0.9877284169197084,0.9960238337516784,0.9702322483062744,0.0017161401028518988,0.9421891172726947,0.003238228915158146,0.9573482672373453,0.006033506917238561,0.9835014939308167,0.004037959900609844,0.9966164032618204,0.0005144984355591118,0.9781346917152404,0.9572051167488098,0.9683324694633484,0.988137423992157,0.9975069761276244,0.9856290817260742,0.9716653227806092,0.9800485372543336,0.9912735223770142,0.9984431862831116,0.9808813333511353,0.9624800682067872,0.9754584431648254,0.9863649010658264,0.9980855584144592,0.9815483689308167,0.0037914605044813785,0.9637835025787354,0.0073176905846041446,0.9746131499608358,0.0059035964946186495,0.9885919491449991,0.0024856760911442775,0.9980119069417318,0.0004724307022045934,0.07176788206030456,23659,329660,small
cju15czxqp3lv0835jvhgzurz,0.9467557668685912,0.8988947868347168,0.9131373763084412,0.9829441905021667,0.9648677110671996,0.9456323385238647,0.8968715071678162,0.9208796620368958,0.971752405166626,0.9686294794082642,0.960315465927124,0.923660397529602,0.9717046618461608,0.9491901397705078,0.9896148443222046,0.95090119043986,0.008172328922896401,0.906475563844045,0.014916846072572296,0.9352405667304993,0.0318152231098301,0.9679622451464335,0.017193253616836178,0.9743706782658895,0.013335148080442975,0.9579885005950928,0.91936457157135,0.9380139708518982,0.978832185268402,0.9756962656974792,0.9605905413627625,0.9241694808006288,0.9467634558677672,0.9748274683952332,0.9794042706489564,0.9629445672035216,0.9285372495651244,0.954571008682251,0.9714663624763488,0.9826286435127258,0.960507869720459,0.002479067366395418,0.9240237673123678,0.004588074728016563,0.9464494784673055,0.008282983266005906,0.9750420053799947,0.0036875948719125307,0.9792430599530538,0.0034689994536877327,0.9673503637313844,0.9367653727531432,0.9744575619697572,0.9603461027145386,0.9905418157577516,0.9578638672828674,0.9191350936889648,0.9349698424339294,0.9819072484970092,0.9743393659591676,0.9689383506774902,0.939748227596283,0.9663880467414856,0.971502125263214,0.9873040318489076,0.9647175272305807,0.005988315008783127,0.931882898012797,0.011140208349166812,0.958605150381724,0.02086264856975595,0.9712518254915873,0.010782751937469148,0.9840617378552756,0.00857404208205005,0.9775992035865784,0.9561800360679626,0.9721721410751344,0.9830871820449828,0.9894267320632936,0.965153992176056,0.9326546788215636,0.9512449502944946,0.9794757962226868,0.9811373949050904,0.9479533433914183,0.9010563492774964,0.916113555431366,0.9820860028266908,0.966211199760437,0.9635688463846842,0.014886361948530982,0.9299636880556742,0.027660193145022157,0.9465102156003317,0.028327628572879387,0.9815496603647867,0.0018644769552614829,0.9789251089096069,0.011764815851538143,0.27298755676121955,92581,339140,large
cju15jr8jz8sb0855ukmkswkz,0.7025575041770935,0.5414941310882568,0.9896662831306458,0.5445732474327087,0.997393786907196,0.6983409523963928,0.5365006327629089,0.996371567249298,0.5375508666038513,0.999102771282196,0.6723657250404358,0.5064389705657959,0.9880701303482056,0.5095547437667847,0.997180163860321,0.691088060537974,0.01635051106515078,0.5281445781389872,0.018962695126810127,0.9913693269093832,0.004404966769446361,0.5305596192677816,0.018526522993688295,0.9978922406832377,0.001053777466925468,0.96771240234375,0.9374446272850036,0.9827011823654176,0.95317405462265,0.9923095703125,0.9578824639320374,0.919169306755066,0.9863067865371704,0.9310505390167236,0.9940755367279052,0.8879601359367371,0.798496663570404,0.9893885254859924,0.805394172668457,0.9960408210754396,0.9378516674041748,0.043485981723070985,0.8850368658701578,0.07550100526270977,0.9861321647961935,0.003347089641373722,0.896539588769277,0.07970556845562995,0.9941419760386149,0.0018665124431650488,0.9794431924819946,0.9597144722938538,0.9855597019195556,0.9734020829200744,0.993463099002838,0.9619412422180176,0.9266732335090636,0.9940665364265442,0.9318273663520812,0.9974507689476012,0.975794553756714,0.9527331590652466,0.9873405694961548,0.9645154476165771,0.9943318367004396,0.9723929961522421,0.009233499410466604,0.9463736216227213,0.017414466758145102,0.9889889359474182,0.004486579131204658,0.9565816322962443,0.021893454126293167,0.995081901550293,0.0020969801754740242,0.9885637164115906,0.9773859977722168,0.9900579452514648,0.9870738983154296,0.9954569339752196,0.9880996942520142,0.9764792919158936,0.9932807683944702,0.9829723834991456,0.9969522953033448,0.981565535068512,0.9637984037399292,0.9887449145317078,0.9744896292686462,0.994915783405304,0.9860763152440389,0.003913333934778581,0.9725545644760132,0.007596597396504361,0.990694542725881,0.0023339740410743596,0.9815119703610738,0.006417987360601987,0.9957750042279562,0.0010548562423251923,0.31392523722069177,98457,313632,large
cju15l5ubz9yh0855b3ivdpse,0.8176386952400208,0.6915303468704224,0.8291979432106018,0.8063973188400269,0.9940102696418762,0.6945024132728577,0.531982958316803,0.6890361905097961,0.7000561356544495,0.9886074066162108,0.4846938848495483,0.3198653161525726,1.0,0.3198653161525726,1.0,0.6656116644541422,0.1683421165869269,0.5144595404465994,0.18645113674905656,0.8394113779067993,0.1557332924887452,0.6087729235490164,0.2557886158901142,0.994205892086029,0.005698815412660902,0.6543326377868652,0.4862514138221741,1.0,0.4862514138221741,1.0,0.7232906222343445,0.5665271878242493,0.9897660613059998,0.569865345954895,0.9997875094413756,0.673424243927002,0.5076410174369812,0.981203019618988,0.5126262903213501,0.9996458888053894,0.6836825013160706,0.03560512306199745,0.5201398730278015,0.04157181757174201,0.990323026974996,0.009410859468102125,0.5229143500328064,0.04274582483873347,0.9998111327489217,0.00017823363888923264,0.7735650539398193,0.6307427883148193,0.7286706566810608,0.8243546485900879,0.9889311790466307,0.8835184574127197,0.7913417816162109,0.9499677419662476,0.8257575631141663,0.9984317421913148,0.8607842922210693,0.7555937767028809,0.8593400716781616,0.8622334599494934,0.9949107766151428,0.8392892678578695,0.05804278411740363,0.7258927822113037,0.08431856834468092,0.8459928234418234,0.11125067085434422,0.8374485572179159,0.021475814183652922,0.9940912326176962,0.0048030109607771505,0.7084389925003052,0.5485137701034546,0.998978555202484,0.5488215684890747,0.9999797940254213,0.732764720916748,0.5782389044761658,0.9990310072898864,0.578563392162323,0.9999797940254213,0.702143132686615,0.5410019755363464,0.9953656196594238,0.5423681139945984,0.9999089241027832,0.7144489487012228,0.016171273808413066,0.5559182167053223,0.019691789947265358,0.9977917273839315,0.002101234595078501,0.556584358215332,0.019305963292731734,0.9999561707178751,4.0916768912526395e-05,0.03482544929940249,11925,342422,small
cju15mhjczc8z0801kit5c6di,0.7426638603210449,0.5906645059585571,0.9432046413421632,0.6124475002288818,0.9942549467086792,0.7481624484062195,0.5976514220237732,0.9196872115135192,0.6305608153343201,0.9914219379425048,0.6444142460823059,0.4753769636154175,0.8164944052696228,0.532241702079773,0.9813652634620668,0.7117468516031901,0.05837652304142359,0.5545642971992493,0.06866716536390143,0.8931287527084351,0.0674009256758818,0.5917500058809916,0.05232544038993677,0.9890140493710836,0.006773804623605994,0.8930537700653076,0.8067724704742432,0.9684139490127563,0.8285755515098572,0.9957899451255798,0.900111973285675,0.8183669447898865,0.928318440914154,0.8735690712928772,0.989491879940033,0.9136560559272766,0.8410375118255615,0.9330111145973206,0.8950876593589783,0.9899885058403016,0.902273933092753,0.010469913960493543,0.8220589756965637,0.017428327052926917,0.9432478348414103,0.021920430503028183,0.8657440940539042,0.03393947295150755,0.9917567769686381,0.0035016415233188516,0.8309293389320374,0.7107605338096619,0.7288626432418823,0.9662367701530457,0.9440054893493652,0.8957793116569519,0.8112321496009827,0.8565478920936584,0.938776969909668,0.9755073189735411,0.8943723440170288,0.8089272379875183,0.9362174272537231,0.8561078310012817,0.990913987159729,0.8736936648686727,0.037041673411119455,0.776973307132721,0.05735352358604111,0.8405426541964213,0.1045998438969182,0.9203738570213318,0.057324529938403014,0.9701422651608785,0.023910032277598466,0.90204656124115,0.821570873260498,0.9784782528877258,0.8366903066635132,0.9971331357955932,0.9250478148460388,0.8605478405952454,0.9795108437538148,0.8763222694396973,0.9971444010734558,0.9359135627746582,0.879546582698822,0.9563671946525574,0.9163164496421814,0.9934874176979064,0.9210026462872823,0.017292078814278678,0.8538884321848551,0.029555989435333132,0.9714520970980326,0.013074106941443939,0.8764430085817972,0.039813208798967145,0.9959216515223185,0.00210811585558175,0.1346858269935193,45888,340704,medium
cju15ptjtppz40988odsm9azx,0.9333750605583192,0.8750733137130737,0.891944408416748,0.9788420796394348,0.9924924373626708,0.5904023051261902,0.4188445806503296,0.4190463125705719,0.9988518953323364,0.9123287796974182,0.6781398057937622,0.513019323348999,0.5134086608886719,0.9985238909721376,0.9400849342346193,0.7339723904927572,0.1781727697427544,0.6023124059041342,0.24086532577803263,0.6081331272919973,0.25027523981664834,0.9920726219813029,0.01145915942423576,0.9483020504315695,0.04070864467792545,0.7927547693252563,0.656664252281189,0.8544352054595947,0.7393800020217896,0.9920251965522766,0.8250657320022583,0.7022228240966797,0.8262872099876404,0.823847770690918,0.9890345931053162,0.793556809425354,0.6577655673027039,0.845768392086029,0.7474167346954346,0.991370975971222,0.8037924369176229,0.01842757797158979,0.6722175478935242,0.025991165301211327,0.842163602511088,0.014416077593506254,0.770214835802714,0.04662098289996309,0.9908102552096049,0.0015721746320381442,0.7631472945213318,0.6170073747634888,0.6467570662498474,0.93062162399292,0.9678203463554382,0.8507828116416931,0.7403150796890259,0.7768292427062988,0.9402984976768494,0.9828977584838868,0.7891844511032104,0.6517792344093323,0.7132450342178345,0.8832212686538696,0.9775188565254213,0.8010381857554117,0.04500421351542414,0.669700562953949,0.06357733901402214,0.7122771143913269,0.06504149001693049,0.9180471301078796,0.030545718858525955,0.976078987121582,0.007641139119781572,0.6102901697158813,0.4391493201255798,0.4546404182910919,0.927997350692749,0.929524540901184,0.7534212470054626,0.6043912172317505,0.6068744659423828,0.9932754039764404,0.9592639803886414,0.9163358807563782,0.845590353012085,0.8718898296356201,0.9655568599700928,0.9910179376602172,0.7600157658259074,0.15312938996295167,0.6297102967898051,0.2044000248182779,0.644468237956365,0.21114979656044727,0.9622765382130941,0.03276242425781696,0.9599354863166809,0.030752197505211118,0.0594885697092737,19574,329038,small
cju15wdt3zla10801odjiw7sy,0.977250874042511,0.955513834953308,0.9830927848815918,0.97147798538208,0.9967305660247804,0.974152684211731,0.9496078491210938,0.9802441000938416,0.9681365489959716,0.9961817264556884,0.9745938777923584,0.9504467248916626,0.9845938086509703,0.9647950530052184,0.9970458149909972,0.9753324786822001,0.0016759604746960555,0.9518561363220215,0.0031953086858077543,0.9826435645421346,0.00220937554934113,0.9681365291277566,0.003341466188475087,0.9966527024904887,0.0004372748525725475,0.9630360007286072,0.9287073016166688,0.9645636081695556,0.9615132212638856,0.9930874109268188,0.9636240601539612,0.9298017024993896,0.948503077030182,0.979235053062439,0.9895961284637452,0.9742226600646972,0.9497408270835876,0.9753588438034058,0.9730890989303588,0.9951892495155334,0.9669609069824219,0.00629573243101136,0.9360832770665487,0.011840436337988789,0.9628085096677145,0.013513634977600258,0.9712791244188944,0.008998490783079523,0.9926242629686991,0.0028251779233035845,0.9723088145256042,0.9461098313331604,0.9672847390174866,0.9773852825164796,0.9935311079025269,0.9430192112922668,0.8921819925308228,0.9111952185630798,0.9771466255187988,0.9813640713691713,0.9392491579055786,0.8854568600654602,0.8973425626754761,0.9852616786956788,0.9779428243637084,0.9515257279078165,0.018097122496586824,0.9079162279764811,0.033247110471357894,0.9252741734186808,0.037035654918385896,0.9799311955769857,0.00461787581033091,0.9842793345451355,0.008192845382435797,0.9790458083152772,0.9589517116546632,0.9866092801094056,0.9715973734855652,0.9974194765090942,0.9780575633049012,0.9570573568344116,0.982711911201477,0.97344708442688,0.9966487884521484,0.9759827256202698,0.9530920386314392,0.9808943867683412,0.9711199998855592,0.9962984919548036,0.977695365746816,0.0015633327228794399,0.956367035706838,0.00299020892734197,0.9834051926930746,0.00291984261474476,0.9720548192660013,0.0012291351012572917,0.9967889189720154,0.0005734797421776992,0.16356469465532855,53819,329038,medium
cju160wshltz10993i1gmqxbe,0.91898512840271,0.8501133322715759,0.8724252581596375,0.9707947969436646,0.9961482286453248,0.035379059612751,0.0180080849677324,0.7538461685180664,0.0181146021932363,0.99983948469162,0.9089037775993348,0.8330188393592834,0.847951352596283,0.9792975783348083,0.9952354431152344,0.6210893218715986,0.5072650115028644,0.5670467521995306,0.4755582498587676,0.8247409264246622,0.06260425734210993,0.6560689924905697,0.5525010655171428,0.9970743854840597,0.002437749900363735,0.8965517282485962,0.8125,0.832857608795166,0.9707947969436646,0.9947139024734496,0.9207708835601808,0.85317462682724,0.8899620771408081,0.9537892937660216,0.9968002438545228,0.9198341369628906,0.8515675067901611,0.8634446859359741,0.984103500843048,0.9957771301269532,0.9123855829238892,0.01372051708047504,0.8390807112058004,0.023033592096284423,0.862088123957316,0.028576393606630376,0.9695625305175781,0.015194625631645352,0.9957637588183085,0.0010432349608385358,0.8819308280944824,0.7887981534004211,0.7890282869338989,0.999630331993103,0.9927479028701782,0.8898824453353882,0.8016110062599182,0.8059388399124146,0.9933456778526306,0.9935101866722108,0.8872427940368652,0.7973372936248779,0.7997032403945923,0.996303141117096,0.993229329586029,0.886352022488912,0.004049957981195579,0.7959154844284058,0.006523684207804681,0.7982234557469686,0.008551843220166224,0.9964263836542765,0.0031441391442757886,0.993162473042806,0.0003855145869342836,0.8977084159851074,0.8144019246101379,0.8148929476737976,0.9992606043815612,0.9938412308692932,0.8919676542282104,0.8050014972686768,0.8052412271499634,0.999630331993103,0.9934399724006652,0.9022355675697328,0.8218845129013062,0.8221343755722046,0.999630331993103,0.9941321015357972,0.8973038792610168,0.0051458962842352825,0.8137626449267069,0.00845964320158586,0.8140895167986552,0.008475183878967864,0.9995070894559225,0.00021346233605052973,0.9938044349352518,0.00034752861824048924,0.02652077958409748,8532,321710,small
cju16ach3m1da0993r1dq3sn2,0.973519802093506,0.9484058022499084,0.9653843641281128,0.9817935228347778,0.9872040748596193,0.984185516834259,0.9688634872436525,0.981246829032898,0.9871419072151184,0.9931426644325256,0.9838910102844238,0.968292772769928,0.9810956716537476,0.9867023229599,0.9930893778800964,0.9805321097373962,0.006074621584625316,0.9618540207544962,0.01164999418295923,0.9759089549382528,0.009114876352917795,0.9852125843365988,0.002969140404946256,0.9911453723907471,0.0034133677703733225,0.9795011878013612,0.959825873374939,0.9735813736915588,0.9854934215545654,0.9902799129486084,0.9789212942123412,0.9587128162384032,0.9745498299598694,0.983332097530365,0.9906660318374634,0.9821542501449584,0.964934229850769,0.9754995703697203,0.9889003038406372,0.9909722805023192,0.980192244052887,0.0017237082330373557,0.9611576398213705,0.0033176344335856525,0.9745435913403829,0.0009591135565235673,0.9859086076418558,0.002807225497488311,0.9906394084294637,0.00034695073389174127,0.980360746383667,0.9614779949188232,0.9751377105712892,0.985639989376068,0.9908657670021056,0.9803592562675476,0.961475133895874,0.977006494998932,0.9837350845336914,0.9915847778320312,0.9810605645179749,0.9628251194953918,0.976379692554474,0.985786497592926,0.9913318157196044,0.9805935223897299,0.0004044710339174509,0.9619260827700297,0.0007785899572467471,0.9761746327082318,0.0009511182705929663,0.9850538571675619,0.0011444374641219348,0.9912607868512472,0.00036472999395810825,0.98615562915802,0.9726893901824952,0.980795681476593,0.9915744662284852,0.9929429292678832,0.9865034818649292,0.973366379737854,0.9810179471969604,0.9920507073402404,0.9930227994918824,0.9858100414276124,0.9720171689987184,0.9779387712478638,0.9938090443611144,0.9918510913848876,0.9861563841501871,0.0003467208351633954,0.9726909796396891,0.0006746067739286033,0.9799174666404724,0.0017172003683788959,0.99247807264328,0.001176994343396659,0.9926056067148844,0.000654648646657563,0.2665289256198347,86688,325248,large
cju16b6ynq8e40988m8vx0xnj,0.9519559144973756,0.9083166122436525,0.9413291811943054,0.9628252983093262,0.9988757967948914,0.9632954597473145,0.9291900396347046,0.9579831957817078,0.9686670303344728,0.9992040991783142,0.960943639278412,0.9248234033584596,0.9487577676773072,0.9734466075897216,0.9990150928497314,0.9587316711743673,0.005984640656617222,0.9207766850789388,0.011009402317461954,0.9493567148844401,0.008343147115270816,0.9683129787445068,0.005319498764331222,0.999031662940979,0.00016477724261330985,0.927432656288147,0.8646847605705261,0.961253583431244,0.8959107995033264,0.9993234872817992,0.9226441383361816,0.8563968539237976,0.980861246585846,0.8709506392478943,0.9996816515922546,0.9276667833328248,0.865091860294342,0.9868263602256776,0.8751991391181946,0.9997811317443848,0.9259145259857178,0.0028346570166320707,0.8620578249295553,0.004906768497932659,0.9763137300809225,0.013379150123098012,0.8806868592898051,0.013354351519472563,0.9995954235394796,0.00024069913034293646,0.9456226229667664,0.896854043006897,0.9688022136688232,0.9235262870788574,0.9994428753852844,0.8959354162216187,0.8114882707595825,0.9798234701156616,0.8252788186073303,0.9996816515922546,0.9164329767227172,0.8457556962966919,0.9708853363990784,0.8677642345428467,0.999512493610382,0.9193303386370341,0.02496999515579976,0.8513660033543905,0.04295853147869859,0.9731703400611877,0.0058551647900493865,0.8721897800763448,0.049273018531623636,0.999545673529307,0.00012279739214932442,0.92433762550354,0.8593194484710693,0.9516310691833496,0.8985661268234253,0.999144434928894,0.9401020407676696,0.8869741559028625,0.9510869383811952,0.929368019104004,0.999104619026184,0.935883641242981,0.8794936537742615,0.9496992826461792,0.92246413230896,0.9990847110748292,0.9334411025047302,0.008161108611633088,0.8752624193827311,0.014304657253551083,0.9508057634035746,0.0009961146180676873,0.9167994260787964,0.016163409743047228,0.9991112550099691,3.0409898005195886e-05,0.018431748339556554,5578,302630,small
cju16d65tzw9d0799ouslsw25,0.9413973689079284,0.8892830610275269,0.8929508924484253,0.9954022765159608,0.994150459766388,0.9708579778671264,0.9433663487434388,0.9473056197166444,0.995611310005188,0.99728524684906,0.9429590106010436,0.8920742273330688,0.8961039185523987,0.9949843287467957,0.9943451285362244,0.9517381191253661,0.0165766833209502,0.9082412123680115,0.03045125705747751,0.9121201435724894,0.030512271171141237,0.9953326384226481,0.00031923889585070184,0.9952602783838908,0.0017563732365828606,0.9504338502883912,0.9055492281913756,0.9090042114257812,0.9958202838897704,0.9951134324073792,0.9468328952789308,0.8990339040756226,0.9057251811027528,0.9918495416641236,0.9949393272399902,0.9421748518943788,0.8906716704368591,0.8925032615661621,0.9977011680603028,0.9941095113754272,0.9464805324872336,0.0041407587795963844,0.8984182675679525,0.007457860780205382,0.902410884698232,0.008735488369872665,0.9951236645380656,0.002987363680737996,0.9947207570075989,0.0005364644158418647,0.9682072401046752,0.9383736848831176,0.9418972134590148,0.996029257774353,0.9969881772994996,0.9676957726478576,0.9374133348464966,0.9471682906150818,0.9891327023506165,0.9972954988479614,0.9615578651428224,0.9259619116783142,0.929574728012085,0.9958202838897704,0.996301770210266,0.965820292631785,0.0037002183467795893,0.9339163104693095,0.006905426354892898,0.9395467440287272,0.00902922428414698,0.9936607480049133,0.003922794362015009,0.9968618154525757,0.0005087726787205878,0.960153341293335,0.9233604669570924,0.9280421137809752,0.9945663809776306,0.9962198138237,0.9598787426948548,0.9228526949882508,0.929354190826416,0.9924764633178712,0.996301770210266,0.9549023509025574,0.9136967658996582,0.921149730682373,0.9912225604057312,0.9958407878875732,0.9583114782969157,0.002955581717834113,0.9199699759483337,0.005438688383166368,0.9261820117632548,0.004407184611636232,0.992755134900411,0.0016892387020343985,0.9961207906405131,0.0002459275677209667,0.046722629741497664,11911,254930,small
cju16fpvhzypl0799p9phnlx6,0.5815161466598511,0.4099561274051666,0.4112739562988281,0.9922444820404052,0.8319955468177795,0.7592297196388245,0.6119018793106079,0.6163768172264099,0.9882743954658508,0.92724609375,0.6195623874664307,0.4488159418106079,0.4504149556159973,0.9921521544456482,0.8568074107170105,0.6534360845883688,0.09357402963840887,0.49022464950879413,0.10715191310979418,0.4926885763804118,0.1088902665511013,0.9908903439839681,0.0022659481642941896,0.8720163504282633,0.04941306060220492,0.7362047433853149,0.5825348496437073,0.5867193341255188,0.9879050850868224,0.9176904559135436,0.7633108496665955,0.6172212958335876,0.6218477487564087,0.9880897402763368,0.9289278984069824,0.8692464232444763,0.7687320113182068,0.777753472328186,0.98513525724411,0.9667026996612548,0.7895873387654623,0.07030549448271482,0.6561627189318339,0.09901854158993353,0.6621068517367045,0.10168139957382809,0.9870433608690897,0.001655043494141237,0.9377736846605936,0.025675590745486185,0.9603512287139891,0.9237266182899476,0.9419337511062622,0.9795032739639282,0.9928578734397888,0.8960555195808411,0.81168532371521,0.8272251486778259,0.9773797392845154,0.9758542776107788,0.9202153086662292,0.8522210717201233,0.862191379070282,0.9866124987602234,0.981347382068634,0.9255406856536865,0.03247698082146029,0.8625443379084269,0.056729536320083866,0.8771167596181234,0.05879278107169856,0.9811651706695557,0.004835533825670182,0.9833531777064005,0.008677440860325356,0.9702942967414856,0.9423025846481324,0.9592204689979552,0.9816268086433412,0.995063841342926,0.966385781764984,0.9349578619003296,0.980245053768158,0.9529129266738892,0.99772846698761,0.9656420946121216,0.9335667490959167,0.9712337851524352,0.9601144790649414,0.9966363906860352,0.9674407243728638,0.0024990846509381796,0.9369423985481262,0.00469387845802114,0.9702331026395162,0.01054795313359928,0.9648847381273905,0.01493948737678319,0.9964762330055237,0.0013395130900991376,0.10568584769862725,36123,341796,medium
cju16jgnyzp970878melv7r25,0.6772924661636353,0.5120500326156616,0.5151819586753845,0.9882668256759644,0.8773378729820251,0.9451879262924194,0.8960723280906677,0.9054967164993286,0.9885182976722716,0.9863929748535156,0.9382755160331726,0.8837279081344604,0.8928247094154358,0.988602101802826,0.9843480587005616,0.8535853028297424,0.1527131904870535,0.7639500896135966,0.21823914683824708,0.7711677948633829,0.22178076153610604,0.9884624083836874,0.00017448561472134487,0.9493596355120341,0.06238105585003278,0.9455947875976562,0.8968039155006409,0.94583261013031,0.9453570246696472,0.9928593635559082,0.9393876791000366,0.8857031464576721,0.928881585597992,0.9501340985298156,0.9904054403305054,0.9467387199401855,0.8988640904426575,0.932314932346344,0.961615800857544,0.9907923340797424,0.9439070622126261,0.003955472549499065,0.8937903841336569,0.007079098821094963,0.935676376024882,0.008961516940607662,0.952368974685669,0.008356611415880889,0.991352379322052,0.0013193455969222197,0.9504513740539552,0.9055810570716858,0.927085816860199,0.9750251173973083,0.9898859262466432,0.936932384967804,0.8813478946685791,0.9400944709777832,0.93379145860672,0.9921519160270692,0.9579290747642516,0.9192551374435424,0.921747863292694,0.9970667362213136,0.9888358116149902,0.9484376112620035,0.010642211989936524,0.9020613630612692,0.019197159897891763,0.9296427170435587,0.009436779498239458,0.9686277707417806,0.03211907100889154,0.9902912179629008,0.0016947959019901868,0.9335367679595948,0.8753576874732971,0.944425404071808,0.9228963851928712,0.9928372502326964,0.958406627178192,0.9201350808143616,0.9359374046325684,0.9819812178611756,0.9911350011825562,0.9436225295066832,0.8932626843452454,0.9022786617279052,0.9889373183250428,0.9858734607696532,0.9451886415481567,0.01250867717158961,0.8962518175443014,0.022537855411870377,0.9275471568107605,0.022290898735455828,0.9646049737930299,0.03628776110038781,0.989948570728302,0.0036303310921297982,0.1164461247637051,34496,296240,medium
cju16whaj0e7n0855q7b6cjkm,0.3369961082935333,0.2026430070400238,0.8754139542579651,0.208660677075386,0.9895774126052856,0.0719096213579177,0.0372957736253738,0.978325128555298,0.0373266190290451,0.9997097253799438,0.1081523075699806,0.0571675561368465,0.998031497001648,0.0571740046143531,0.9999604225158693,0.17235267907381055,0.14373231078949825,0.09903544560074802,0.09027522930234404,0.950590193271637,0.06584592184422942,0.1010537669062614,0.09371720768222083,0.9964158535003662,0.0059235899309560075,0.6758955121040344,0.5104548335075378,0.9705861806869508,0.518475353717804,0.9944852590560912,0.3759531378746032,0.2314915657043457,0.9967653155326844,0.2316655963659286,0.9997361302375792,0.5545823574066162,0.3836831152439117,0.8869421482086182,0.4034131467342376,0.9819517731666564,0.5354770024617513,0.15088113833502848,0.37520983815193176,0.13967452707765643,0.9514312148094177,0.0573625884928457,0.38451803227265674,0.14433547118067544,0.9920577208201089,0.009137316100578321,0.678304135799408,0.5132074356079102,0.8511519432067871,0.5638086199760437,0.9653944373130798,0.7249559164047241,0.5685732364654541,0.8920804262161255,0.6105702519416809,0.9740754961967468,0.2992542386054992,0.1759547144174575,0.7139211893081665,0.1893019527196884,0.9733762741088868,0.5675047636032104,0.23347988195896538,0.4192451288302739,0.21250649939476973,0.819051186243693,0.09331678505022174,0.4545602748791377,0.2309072230618979,0.9709487358729044,0.00482285208676262,0.7923305630683899,0.656082272529602,0.8855404853820801,0.7168740630149841,0.9674789309501648,0.7389416098594666,0.5859693884849548,0.8414077758789062,0.6587226986885071,0.9564231038093568,0.8106409907341003,0.6815780401229858,0.8604229092597961,0.7663045525550842,0.9563702940940856,0.7806377212206522,0.03725241223476144,0.6412099003791809,0.04950903106551429,0.8624570568402609,0.022136560918697715,0.7139671047528585,0.05384980617509868,0.9600907762845358,0.006398384111551071,0.26006798628592787,89053,342422,large
cju32qr9tbvsj08013pkpjenq,0.6429646611213684,0.4738010168075561,0.4809970259666443,0.9693907499313354,0.925270974636078,0.5528619289398193,0.3820381462574005,0.387904554605484,0.9619215130805968,0.8915581703186035,0.6029599905014038,0.4315982162952423,0.438130646944046,0.9666081070899964,0.911438524723053,0.5995955268541971,0.04514549034366579,0.42914579312006634,0.0459305659389666,0.4356774091720581,0.04659469752779326,0.9659734567006429,0.0037748457744175407,0.9094225565592448,0.01694657456435363,0.7058640122413635,0.5454326868057251,0.5466163158416748,0.996045708656311,0.9409764409065248,0.8038851618766785,0.6720802783966064,0.6959083080291748,0.9515231251716614,0.9702946543693542,0.7145335078239441,0.555855393409729,0.5572682023048401,0.9954598546028136,0.9434980750083924,0.7414275606473287,0.05426328410543773,0.5911227862040201,0.07030465745470058,0.5999309420585632,0.08328929556250654,0.9810095628102621,0.025537684110042414,0.9515897234280905,0.01624793804684183,0.770756185054779,0.6270164847373962,0.6308180093765259,0.990480363368988,0.9585862159729004,0.7044995427131653,0.543804943561554,0.5448938608169556,0.9963386058807372,0.9405474662780762,0.7347539663314819,0.5807201862335205,0.5851054787635803,0.9872583746910096,0.9499853253364564,0.7366698980331421,0.03316984714028995,0.5838472048441569,0.04169381045500847,0.5869391163190206,0.042991411891624566,0.9913591146469116,0.004603455492460479,0.9497063358624777,0.009022610430638876,0.8600026369094849,0.7543900012969971,0.7812873721122742,0.956356167793274,0.9808730483055116,0.3268926441669464,0.1953805536031723,0.1954365670680999,0.998535454273224,0.7063156366348267,0.489672988653183,0.3242165148258209,0.3242165148258209,1.0,0.8510860800743103,0.5588560899098715,0.2732055859881113,0.4246623565753301,0.29272839970920883,0.433646818002065,0.307874219256274,0.9849638740221659,0.024785819843317528,0.8460915883382162,0.1373468302750483,0.06668453497721791,22392,335790,small
cju32srle1xfq083575i3fl75,0.977864384651184,0.9566875100135804,0.9886524677276612,0.9673091769218444,0.9992493391036988,0.9618478417396544,0.9264999032020568,0.994728147983551,0.9310716986656188,0.999666392803192,0.9643566012382508,0.931166648864746,0.9937826991081238,0.9366229772567748,0.999603807926178,0.9680229425430298,0.008614752209527718,0.9381180206934611,0.016250048583852837,0.9923877716064453,0.0032692261613654614,0.9450012842814126,0.019517574876042554,0.9995065132776896,0.00022490694416490065,0.959906041622162,0.9229031801223756,0.9751790165901184,0.9451040625572203,0.998373568058014,0.9480622410774232,0.9012532234191896,0.9774029850959778,0.9204317927360536,0.9985612034797668,0.9567322731018066,0.9170534610748292,0.9692989587783812,0.9444872736930848,0.997977375984192,0.9549001852671305,0.006130767669008876,0.9137366215387982,0.011199608238384577,0.9739603201548258,0.00418720985742541,0.9366743763287863,0.01406987023575242,0.9983040491739908,0.0002980575323224646,0.8498232960700989,0.7388632893562317,0.7596889734268188,0.9642251133918762,0.9793775677680968,0.9377234578132628,0.8827489614486694,0.907047152519226,0.9705474376678468,0.9932752847671508,0.963539183139801,0.92964369058609,0.9823746085166932,0.9454125165939332,0.9988531470298768,0.9170286456743876,0.05961570414001513,0.8504186471303304,0.09941442194821826,0.8830369114875793,0.1132677878950741,0.9600616892178854,0.013074465189345012,0.9905019998550415,0.010029600131524121,0.9662815928459167,0.9347628951072692,0.9783467650413512,0.9545103907585144,0.9985716342926024,0.9659885168075562,0.9342145323753356,0.9844700694084167,0.9481881260871888,0.998988687992096,0.9704621434211732,0.9426192045211792,0.9810904264450072,0.9600616693496704,0.9987488985061646,0.9675774176915487,0.002502539768401994,0.9371988773345947,0.004702141589601921,0.9813024202982584,0.003067151795769683,0.9542533953984579,0.0059409420433819546,0.998769740263621,0.00020930654840618814,0.06323191850990882,21652,342422,small
cju32upim1z7u0988l883nqp6,0.921408474445343,0.8542701005935669,0.8638241291046143,0.9872186183929444,0.9758208394050598,0.9400582909584044,0.8868961930274963,0.8998538851737976,0.9840232133865356,0.9829854369163512,0.9539088010787964,0.9118791818618774,0.923218071460724,0.986710250377655,0.9872503876686096,0.938458522160848,0.01630911564047898,0.8843484918276469,0.028888919107462083,0.8956320285797119,0.029921199039744207,0.9859840273857117,0.0017170332449507036,0.9820188879966736,0.0057757515517723864,0.9337279796600342,0.8756939768791199,0.8783282041549683,0.996586799621582,0.9785512685775756,0.9263805747032166,0.8628575205802917,0.8668438792228699,0.9946986436843872,0.9762608408927916,0.9453415870666504,0.8963486552238464,0.9005917310714722,0.9947712421417236,0.9829403162002563,0.9351500471433004,0.009560162362993372,0.8783000508944193,0.016896974322584846,0.8819212714831034,0.01715843744975593,0.9953522284825643,0.0010697859865288846,0.9792508085568746,0.003394239934467785,0.9223599433898926,0.8559072613716125,0.8620668053627014,0.9917211532592772,0.9753469228744508,0.9273560643196106,0.8645516633987427,0.8710047602653503,0.9915032386779784,0.97718608379364,0.910281538963318,0.835336446762085,0.8393306136131287,0.9943355321884156,0.970427632331848,0.9199991822242737,0.008778653028596723,0.8519317905108134,0.015007847853889903,0.8574673930803934,0.01633030423916209,0.9925199747085571,0.0015760895955460141,0.9743202129999796,0.0034942476178860082,0.9601693153381348,0.9233900904655457,0.9336535334587096,0.9882352948188782,0.9890894889831544,0.976468026638031,0.9540181159973145,0.9676936268806458,0.985403060913086,0.9948888421058656,0.9541784524917604,0.9123721718788148,0.9197493195533752,0.9912853837013244,0.9865621328353882,0.963605264822642,0.011535189229075895,0.9299267927805582,0.021578751660988587,0.9403654932975769,0.024666818905806773,0.9883079131444296,0.0029418336819339946,0.9901801546414694,0.004269155127473625,0.1343039226458631,36669,273030,medium
cju32zhbnc1oy0801iyv1ix6p,0.8135496377944946,0.685700535774231,0.6893644332885742,0.9923085570335388,0.8488246202468872,0.8390616178512573,0.722744345664978,0.7331002950668335,0.980829417705536,0.879271388053894,0.822970986366272,0.6991934180259705,0.703294575214386,0.9917288422584534,0.8585466742515564,0.8251940806706747,0.012900460953735919,0.7025460998217264,0.018748101749861183,0.7085864345232645,0.022342990681206352,0.988288938999176,0.006466634422388143,0.8622142275174459,0.015551193770641835,0.7703152298927307,0.6264331340789795,0.6328321099281311,0.984114706516266,0.8069570064544678,0.730916440486908,0.5759403705596924,0.6277321577072144,0.8746955990791321,0.8246240019798279,0.79808509349823,0.6640112996101379,0.6812540888786316,0.9632821679115297,0.8476223945617676,0.7664389212926229,0.03375168607805094,0.6221282680829366,0.044192997628414714,0.647272785504659,0.029538942303497906,0.9406974911689758,0.05810065391851454,0.8264011343320211,0.020390858172897944,0.5888081789016724,0.4172417819499969,0.4184512794017792,0.99312025308609,0.5333673357963562,0.6204792261123657,0.4497788250446319,0.4509377777576446,0.994318425655365,0.5906804203987122,0.6618582606315613,0.4946099817752838,0.4967654347419739,0.9913036823272704,0.6604858636856079,0.6237152218818665,0.036632394975636424,0.45387686292330426,0.03884655740078722,0.45538483063379925,0.039346015568600116,0.9929141203562418,0.0015179055834631861,0.5948445399602255,0.06366148719574928,0.5589668154716492,0.3878930807113647,0.390282392501831,0.984462559223175,0.4800266623497009,0.5584924817085266,0.3874363601207733,0.3887398540973663,0.9914196133613586,0.4729442000389099,0.5561373829841614,0.3851733207702636,0.3887034952640533,0.9769644141197203,0.4805493354797363,0.557865560054779,0.001515320137880448,0.3868342538674672,0.0014564245567509732,0.3892419139544168,0.0009012642214754536,0.9842821955680847,0.007229287279180656,0.4778400659561157,0.0042479905967007766,0.25251754561253714,83402,330282,large
cju330ofbc2l30801th5g3hw6,0.9710215926170348,0.9436753988265992,0.9714987874031068,0.970544934272766,0.9988202452659608,0.967781901359558,0.9375750422477722,0.9772272109985352,0.9585174322128296,0.9990745186805724,0.9742832779884338,0.9498560428619384,0.9768072962760924,0.9717721939086914,0.9990440011024476,0.9710289239883423,0.003250694514927109,0.9437021613121033,0.0061405440470906235,0.9751777648925781,0.0031929983744998346,0.9669448534647623,0.007324111773562626,0.9989795883496603,0.0001388362142446731,0.9782581925392152,0.9574416875839232,0.9791000485420228,0.977417767047882,0.9991355538368224,0.9732432961463928,0.9478811621665956,0.9918450713157654,0.9553264379501344,0.9996745586395264,0.971914291381836,0.9453630447387696,0.9755192995071412,0.9683358073234558,0.998993158340454,0.974471926689148,0.0033456569207843674,0.9502286314964294,0.006372312173464051,0.9821548064549764,0.008580872083703471,0.9670266707738241,0.011103696871107098,0.9992677569389343,0.00035942292226564924,0.97429621219635,0.9498806595802308,0.9716796875,0.976926863193512,0.9988202452659608,0.969935953617096,0.941626787185669,0.9737753868103028,0.9661266803741456,0.9989219307899476,0.9720296859741212,0.9455814957618712,0.9802795648574828,0.9639175534248352,0.9991965293884276,0.9720872839291891,0.0021806998561953936,0.9456963141759237,0.004128133940121347,0.9752448797225952,0.00448430927851709,0.9689903656641642,0.006961397506575026,0.9989795684814453,0.00019465100260734986,0.9769164323806764,0.9548745155334472,0.9826173186302184,0.9712812900543212,0.9992880821228028,0.9571517705917358,0.9178246259689332,0.9745611548423768,0.9403534531593324,0.9989829659461976,0.9750854969024658,0.9513822793960572,0.970345139503479,0.9798723459243774,0.9987592101097108,0.9697178999582926,0.010921024980473407,0.9413604736328125,0.02045729753053475,0.975841204325358,0.006235422210151846,0.9638356963793436,0.020784931325925314,0.9990100860595704,0.000265476980113196,0.03978155849611426,10417,261855,small
cju33231uy4gi0993qc7b1jch,0.7393245100975037,0.5864510536193848,0.6097131967544556,0.9389171004295348,0.9631878733634948,0.5470342040061951,0.3764948844909668,0.3939077854156494,0.8949238657951355,0.9156596660614014,0.4943193793296814,0.3283029496669769,0.3293746709823608,0.9901861548423768,0.8765156865119934,0.5935593644777933,0.12895860360332848,0.4304162959257762,0.13726161099119188,0.4443318843841553,0.14681404760991748,0.9413423736890157,0.04767743062935967,0.9184544086456299,0.04340362810859786,0.9183772206306458,0.8490735292434692,0.8790223002433777,0.9614213109016418,0.99189555644989,0.7060122489929199,0.545609712600708,0.5538017153739929,0.9736040830612184,0.9519535899162292,0.8992441296577454,0.8169333338737488,0.8334537148475647,0.9763113260269164,0.9880505800247192,0.841211199760437,0.1174758954382662,0.7372055252393087,0.16670322313946206,0.7554259101549784,0.1760919104744862,0.9704455733299255,0.00793159980077978,0.9772999087969462,0.022034583534293772,0.8964171409606934,0.8122789859771729,0.8320533037185669,0.9715735912322998,0.9879884123802184,0.9002761244773865,0.8186383247375488,0.8655527830123901,0.9379018545150756,0.9910767674446106,0.9170984625816344,0.8468899726867676,0.8792300820350647,0.9583756327629088,0.991936981678009,0.9045972426732382,0.010996968347871646,0.8259357611338297,0.01842334208880842,0.858945389588674,0.024272522303477664,0.9559503595034281,0.016966376341926433,0.9903340538342794,0.00207641939527933,0.9348179697990416,0.8776133060455322,0.8994369506835938,0.9730964303016664,0.9933360815048218,0.9304847717285156,0.8700060248374939,0.8917325735092163,0.9727580547332764,0.9927660822868348,0.9186820387840272,0.8495947122573853,0.882719874382019,0.9576988220214844,0.9922064542770386,0.9279949267705282,0.008351141440931164,0.8657380143801371,0.014488696781090323,0.8912964661916097,0.00836706652372982,0.9678511023521423,0.008793760369746252,0.9927695393562317,0.0005648215487513755,0.05771065955907828,18989,329038,small
cju334jzo261t0835yqudnfs1,0.9819918274879456,0.9646207094192504,0.9734275341033936,0.9907081127166748,0.993252158164978,0.9776602983474731,0.9562968611717224,0.9698734283447266,0.9855731725692748,0.9923613667488098,0.981184184551239,0.9630632996559144,0.9717944860458374,0.9907570481300354,0.9928250908851624,0.9802787701288859,0.0023033383665549832,0.9613269567489624,0.004425243205730113,0.9716984828313192,0.0017789967394140564,0.9890127778053284,0.0029788860004346246,0.9928128719329834,0.0004455213955288862,0.9742333889007568,0.9497612118721008,0.9570653438568116,0.992028534412384,0.9888959527015686,0.970208704471588,0.942141056060791,0.9520760774612428,0.9890453815460204,0.9875780940055848,0.9749349355697632,0.9510956406593324,0.961129069328308,0.9891431927680968,0.9900185465812684,0.973125676314036,0.0025504088847524615,0.9476659695307413,0.004831011973166446,0.9567568302154541,0.004534374371009185,0.9900723695755005,0.0016947942089191705,0.9888308644294739,0.0012215275502064505,0.9778398871421814,0.956640601158142,0.9634516835212708,0.9926643371582032,0.990604281425476,0.9756802320480348,0.9525153040885924,0.9610093832015992,0.9908059239387512,0.9899697303771972,0.9768070578575134,0.9546655416488647,0.9642636179924012,0.9896811246871948,0.9908483028411864,0.9767757256825765,0.0010801684175664765,0.9546071489651998,0.002063268343463291,0.9629082282384237,0.001693817803589655,0.9910504619280497,0.0015065650609756812,0.9904741048812865,0.0004535216015945331,0.9791777729988098,0.9592049717903136,0.9696460962295532,0.9888986945152284,0.9922759532928468,0.9802226424217224,0.961212396621704,0.9681820273399352,0.9925665259361268,0.99186110496521,0.9779342412948608,0.9568212628364564,0.9646510481834412,0.9915884137153624,0.9909337162971495,0.9791115522384644,0.0011456368627016488,0.9590795437494913,0.0021982522887635243,0.9674930572509766,0.0025678076414232752,0.9910178780555725,0.0018993104110048408,0.9916902581850687,0.0006872346796168328,0.20013132934481248,65832,328944,large
cju336l68y7if0993wf092166,0.9396969079971312,0.8862530589103699,0.9959359169006348,0.8894698023796082,0.9989401698112488,0.7942752838134766,0.6587534546852112,0.9983646273612976,0.6594650745391846,0.9996845722198486,0.935593843460083,0.8789820075035095,0.9942618012428284,0.8834636807441711,0.9985111951828004,0.8898553450902303,0.08280018037359455,0.8079961736996969,0.12929910645966525,0.9961874485015869,0.002062946109161968,0.8107995192209879,0.13109387470296724,0.9990453124046326,0.0005937125916431515,0.9424997568130492,0.8912525773048401,0.9830588102340698,0.9051548838615416,0.995445191860199,0.9393884539604188,0.885704517364502,0.9871471524238586,0.8960376977920532,0.9965933561325072,0.9104270935058594,0.8355816006660461,0.9969148635864258,0.8377479314804077,0.9992429614067078,0.9307717680931091,0.017687548993741645,0.8708462317784628,0.03066579361269672,0.9890402754147848,0.007119374243563365,0.8796468377113342,0.03657074688829031,0.9970938364664713,0.001947722722979585,0.8921868801116943,0.8053585886955261,0.8211275935173035,0.9767100214958192,0.9378730058670044,0.879330575466156,0.7846476435661316,0.8278084993362427,0.9376917481422424,0.9430460333824158,0.9452638030052184,0.8962087035179138,0.9406529664993286,0.9499200582504272,0.9824999570846558,0.905593752861023,0.034951477810200825,0.8287383119265238,0.059341605288025595,0.8631963531176249,0.06716251814116579,0.9547739426294962,0.019956867465803284,0.9544729987780253,0.024409482734380136,0.9469898343086244,0.8993169069290161,0.980297863483429,0.9158709049224854,0.9946250915527344,0.9198418259620668,0.8515806794166565,0.9764169454574584,0.8694637417793274,0.993868052959442,0.9203630089759828,0.8524745106697083,0.9912731051445008,0.8589206337928772,0.9977920055389404,0.9290648897488913,0.015525644464421657,0.867790699005127,0.02730615449166088,0.9826626380284628,0.007705224795446018,0.8814184268315634,0.03029883193223106,0.9954283833503723,0.0020816602137842502,0.22595876889219715,69819,308990,large
cju3381d8bz3h07991xtl7ra0,0.9541511535644532,0.9123222827911376,0.9341171979904176,0.9750633239746094,0.996370792388916,0.9547143578529358,0.9133525490760804,0.9850808382034302,0.9261640310287476,0.9992597699165344,0.8951073288917542,0.8101305961608887,0.8162413835525513,0.9908435344696044,0.9882282614707948,0.934657613436381,0.034252708731403375,0.8786018093427023,0.059300047538737195,0.9118131399154663,0.08660134881547543,0.9640236298243204,0.033723369887036725,0.994619607925415,0.005720448401656249,0.9161121249198914,0.8452092409133911,0.8827673196792603,0.9520748257637024,0.9933276176452636,0.9330193400382996,0.8744481801986694,0.9033199548721312,0.9647379517555236,0.9945510625839232,0.9315550327301024,0.8718793392181396,0.8878884315490723,0.97973895072937,0.9934715628623962,0.9268954992294312,0.009367332603144901,0.8638455867767334,0.01619057677630413,0.8913252353668213,0.01069866434206066,0.9655172427495321,0.013848517009738824,0.9937834143638611,0.0006686874447059427,0.902545928955078,0.8223997354507446,0.8656529784202576,0.9427235722541808,0.9922789931297302,0.8994050621986389,0.8171989321708679,0.8482389450073242,0.95714008808136,0.9909630417823792,0.9092409014701844,0.8335855007171631,0.8587012887001038,0.9661017060279846,0.9916107058525084,0.9037306308746338,0.005023800605375241,0.8243947227795919,0.00837346332244331,0.8575310707092285,0.008765797028012676,0.9553217887878418,0.011794657431526922,0.9916175802548727,0.0006580026065333445,0.9164556860923768,0.8457943797111511,0.8550699949264526,0.987336814403534,0.9911686182022096,0.9132220149040222,0.8403022885322571,0.8589083552360535,0.9748684763908386,0.991549015045166,0.917136251926422,0.8469544649124146,0.8721011877059937,0.967075765132904,0.9925154447555542,0.9156046509742737,0.0020912934863535804,0.8443503777186075,0.003553409484429499,0.8620265126228333,0.008933507765151352,0.9764270186424255,0.010220045002308472,0.9917443593343099,0.0006943378029996573,0.050110897333119554,15002,299376,small
cju33belnbyhm0878yxl42233,0.9378254413604736,0.8829296231269836,0.9858338832855223,0.8942757248878479,0.9990790486335754,0.9329107999801636,0.8742575645446777,0.9909688234329224,0.8812792301177979,0.999424397945404,0.9281045794487,0.8658536672592163,0.9801851511001588,0.8812792301177979,0.9987232089042664,0.9329469402631124,0.004860531726774529,0.8743469516436259,0.008538328861058129,0.9856626192728678,0.005393875764849007,0.8856113950411478,0.00750352975400996,0.9990755518277487,0.000350607599163428,0.9371369481086732,0.8817099928855896,0.9437286853790284,0.930636703968048,0.9960231184959412,0.9174337983131408,0.8474620580673218,0.8905691504478455,0.9459696412086488,0.9916694760322572,0.9356052279472352,0.8790020942687988,0.945297360420227,0.926109790802002,0.9961591362953186,0.9300586581230164,0.010960239759124739,0.8693913817405701,0.01903955373175197,0.9265317320823669,0.031154384020727136,0.9342387119928995,0.010408374556188834,0.994617243607839,0.0025537473387505266,0.9296085834503174,0.8684754371643066,0.938532531261444,0.920852780342102,0.9956777691841124,0.8690027594566345,0.7683509588241577,0.9890048503875732,0.7749707698822021,0.9993825554847716,0.9456104636192322,0.8968321681022644,0.9751745462417604,0.9177862405776978,0.998325526714325,0.9147406021753947,0.04041011921115315,0.8445528546969095,0.06749868701184655,0.9675706426302592,0.026081185979403024,0.8712032636006674,0.08335388744376292,0.9977952837944031,0.0019084623519953173,0.9511626362800598,0.9068732857704164,0.9812141060829164,0.922897219657898,0.9987336993217468,0.94851154088974,0.9020655751228333,0.988132894039154,0.911945104598999,0.9992150664329528,0.9493080377578736,0.9035075306892396,0.9787530899047852,0.9215829372406006,0.998566210269928,0.9496607383092245,0.0013602848787427374,0.904148797194163,0.0024671719570134526,0.9827000300089518,0.004863245709940482,0.9188084204991659,0.005980022025646424,0.9988383253415426,0.00033684348455555895,0.06691198279697463,21657,323664,small
cju33eqwbcch208012jikwdky,0.8123228549957275,0.6839593648910522,0.7183895707130432,0.93451589345932,0.9407172799110411,0.716671884059906,0.5584478974342346,0.5708227753639221,0.962630569934845,0.8828755021095276,0.7999293208122253,0.6665684580802917,0.6898373961448669,0.951833426952362,0.930744171142578,0.776308019955953,0.05201683814735614,0.6363252401351929,0.0680019947468235,0.6596832474072775,0.07826841180814167,0.9496599634488424,0.014182796481361101,0.918112317721049,0.030920714827719683,0.9221565127372742,0.8555569648742676,0.8902884721755981,0.9563906788825988,0.9809274077415466,0.9258449673652648,0.8619286417961121,0.8896716833114624,0.9650844931602478,0.9806324243545532,0.914784848690033,0.84295254945755,0.8492821455001831,0.9912360906600952,0.971532940864563,0.9209287762641907,0.0056313461013382604,0.8534793853759766,0.009657135835184122,0.8764141003290812,0.023498985866495518,0.970903754234314,0.01813693827722662,0.9776975909868876,0.005340780574752935,0.9072369337081908,0.8302229046821594,0.8337348103523254,0.9949519634246826,0.9678909182548524,0.911261260509491,0.8369879722595215,0.8420645594596863,0.9928486347198486,0.969865083694458,0.9263585209846495,0.862819254398346,0.8816189765930176,0.9758816361427308,0.9787943959236144,0.9149522384007772,0.010080985236487528,0.8433433771133423,0.0172024382529617,0.8524727821350098,0.025582643893583373,0.987894078095754,0.010456102006302757,0.9721834659576416,0.00580970124507113,0.9146180152893066,0.8426692485809326,0.8649459481239319,0.9703428745269777,0.9754813313484192,0.917271852493286,0.8471857905387878,0.849922239780426,0.996213972568512,0.971532940864563,0.9272538423538208,0.8643739819526672,0.8873013854026794,0.9709738492965698,0.9800424575805664,0.9197145700454712,0.006662670874423569,0.8514096736907959,0.011452281621837883,0.8673898577690125,0.018809031145367246,0.9791768987973531,0.014757911244579846,0.9756855765978495,0.004258433488552045,0.13928719533207562,47695,342422,medium
cju33jon3ygbj0993pu22a4k6,0.9232585430145264,0.8574561476707458,0.9178403615951538,0.9287410974502563,0.9964354634284972,0.8349711298942566,0.7166956663131714,0.7279632687568665,0.978859841823578,0.984316110610962,0.957427144050598,0.9183310866355896,0.9332430958747864,0.9828978776931764,0.9969854354858398,0.9052189389864603,0.06318970909793449,0.8308276335398356,0.10342155967574956,0.8596822420756022,0.11433165355634724,0.9634996056556702,0.03016938602160159,0.9925790031750997,0.007161156503025581,0.9442575573921204,0.8944014310836792,0.9552747011184692,0.9334917068481444,0.9981260895729064,0.9413880109786988,0.889266312122345,0.9501572847366332,0.93277907371521,0.9979020357131958,0.9470458626747132,0.8994179368019104,0.9784700870513916,0.9175772070884703,0.9991343021392822,0.9442304770151774,0.0028290230581659802,0.8943618933359782,0.005075927829846523,0.9613006909688314,0.01508768070268415,0.927949329217275,0.008989585618184352,0.9983874758084615,0.0006564009516432755,0.9174112677574158,0.8474236130714417,0.9329567551612854,0.9023752808570862,0.9972196817398072,0.9352059364318848,0.8782975077629089,0.9293924570083618,0.941092610359192,0.9969345331192015,0.9374012351036072,0.882178008556366,0.959920346736908,0.9159144759178162,0.9983603358268738,0.9300061464309692,0.0109625754576954,0.8692997097969055,0.019044350279240122,0.9407565196355184,0.016691772141078927,0.9197941223780314,0.019648069712718708,0.9975048502286276,0.0007544661295004559,0.9596465826034546,0.9224236607551576,0.9647143483161926,0.954631805419922,0.9985029101371764,0.9528833627700806,0.9100068807601928,0.9619946479797364,0.9439429640769958,0.9984010457992554,0.9575307965278624,0.9185219407081604,0.9645697474479676,0.9505938291549684,0.9985029101371764,0.9566869139671326,0.0034596804709198198,0.9169841607411703,0.006349620601342794,0.9637595812479655,0.0015301860781451785,0.9497228662172953,0.0053973849818835145,0.9984689553578695,5.8811402919530575e-05,0.04125611088072612,14127,342422,small
cju33mirdc8mj0799k33wzoes,0.9475740790367126,0.9003713130950928,0.9093117713928224,0.9891979098320008,0.9797990322113036,0.975927710533142,0.9529871344566344,0.9712074398994446,0.9806941151618958,0.9940468072891236,0.973037600517273,0.9474909901618958,0.9643884897232056,0.9818432331085204,0.9925761222839355,0.9655131300290426,0.015602735236330049,0.9336164792378744,0.02892201072579512,0.9483025670051575,0.03393871133733096,0.9839117527008057,0.004613860739725241,0.9888073205947876,0.00783598578968408,0.9731456637382508,0.9476959109306335,0.974969744682312,0.9713284373283386,0.9948938488960266,0.9705823063850404,0.9428459405899048,0.9734150171279908,0.967766046524048,0.9945879578590392,0.965312659740448,0.932951033115387,0.958531618118286,0.9721903204917908,0.9913878440856934,0.9696802099545797,0.003993660148884256,0.9411642948786417,0.00751490549975811,0.9689721266428629,0.00907510099838366,0.9704282681147257,0.002345480440179355,0.9936232169469198,0.001941922038383058,0.9004754424095154,0.8189679980278015,0.8372931480407715,0.9739714860916138,0.9612452387809752,0.9237062931060792,0.858228862285614,0.8739362359046936,0.9794874787330629,0.9710692167282104,0.9380340576171876,0.8832995891571045,0.9015046954154968,0.9776487946510316,0.9781283736228944,0.9207385977109274,0.018954361135324525,0.8534988164901733,0.03242558255802319,0.8709113597869873,0.03221246824926261,0.977035919825236,0.002808603811362603,0.9701476097106934,0.00847921459474041,0.9839067459106444,0.9683232307434082,0.985978901386261,0.9818432331085204,0.9971410632133484,0.9845349192619324,0.96954083442688,0.9851012229919434,0.9839692115783693,0.9969527721405028,0.9825313687324524,0.9656625986099244,0.9778068661689758,0.987301766872406,0.9954115748405457,0.9836576779683431,0.0010247340196151155,0.9678422212600708,0.001983357218272741,0.9829623301823934,0.004486277603559061,0.9843714038530985,0.0027514026754109884,0.9965018033981323,0.0009488477817128554,0.16999491855079404,58210,342422,large
cju33o12x2jm50988944mxq0v,0.9647268652915956,0.931857407093048,0.9845079183578492,0.94572514295578,0.9994847178459167,0.9520776271820068,0.9085383415222168,0.9911588430404664,0.915961503982544,0.999717116355896,0.9576783776283264,0.9187934994697572,0.9934148788452148,0.9244236946105956,0.9997878074645996,0.9581609567006429,0.006338412112591481,0.919729749361674,0.011687691289098407,0.9896938800811768,0.004630666651243743,0.9287034471829733,0.015336419490639396,0.9996632138888041,0.0001585715491734688,0.9596319198608398,0.9223966002464294,0.9764421582221984,0.943390727043152,0.9992119073867798,0.9555295705795288,0.9148459434509276,0.9580522179603576,0.95302015542984,0.9985551834106444,0.9429042339324952,0.8919761776924133,0.9691928625106812,0.9180040955543518,0.9989896416664124,0.9526885747909546,0.008718217245076931,0.9097395737965902,0.01584003741713627,0.9678957462310791,0.009263334102288719,0.9381383260091146,0.01808927582209169,0.9989189108212789,0.0003340265476690966,0.9470535516738892,0.8994318246841431,0.9714636206626892,0.9238401055336,0.999060332775116,0.9584007263183594,0.9201241731643676,0.96563982963562,0.9512693285942078,0.9988279342651368,0.9492170214653016,0.903342604637146,0.9521432518959044,0.946308732032776,0.9983530640602112,0.9515570998191833,0.0060246633208633675,0.9076328674952189,0.010993092738182556,0.9630822340647379,0.009910859379957174,0.9404727220535278,0.014616252214078583,0.9987471103668213,0.0003604949870316545,0.9641010761260986,0.9306902289390564,0.9763614535331726,0.952144742012024,0.999201774597168,0.965649962425232,0.9335814714431764,0.9801623225212096,0.951561152935028,0.9993331432342528,0.9561221599578856,0.9159329533576964,0.9716781973838806,0.9410563111305236,0.9990502595901488,0.9619577328364054,0.005112748312531896,0.9267348845799764,0.009465786253796234,0.976067324479421,0.004249703373373259,0.9482540686925253,0.006240266780652163,0.9991950591405233,0.0001415613366843186,0.033564885033064366,11065,329660,small
cju33qpdvc9g0087825jhf3s9,0.9596633911132812,0.9224546551704408,0.9675248861312866,0.9519286155700684,0.9988779425621032,0.9489825367927552,0.9029179215431212,0.9449200630187988,0.9530799984931946,0.998049020767212,0.9263424277305604,0.8627912998199463,0.905219793319702,0.9484744071960448,0.996512532234192,0.9449961185455322,0.01701441441894195,0.8960546255111694,0.030418047557930126,0.9392215808232626,0.03154101571073252,0.9511610070864359,0.0023968280887881376,0.9978131651878357,0.001200213479173345,0.91170072555542,0.837729811668396,0.918492555618286,0.9050086140632628,0.9971796870231628,0.9042134881019592,0.825173020362854,0.8828853368759155,0.9265975952148438,0.9956836700439452,0.9189828634262084,0.8501093983650208,0.9446808695793152,0.8946459293365479,0.9981602430343628,0.9116323590278625,0.007384925006640397,0.8376707434654236,0.012468293939276063,0.9153529206911722,0.03101717179452212,0.9087507128715515,0.016301218228028574,0.9970078667004904,0.0012471948972309665,0.912778913974762,0.8395522236824036,0.9189031720161438,0.9067357778549194,0.9971898198127748,0.9166787266731262,0.846174418926239,0.9229646921157836,0.9104778170585632,0.9973313212394714,0.9306383728981018,0.8702746629714966,0.9403467774391174,0.9211283922195436,0.9979479908943176,0.92003200451533,0.009390070419005222,0.8520004351933798,0.01616860903500183,0.9274048805236816,0.011390500788256416,0.9127806623776754,0.007467540390584701,0.9974897106488546,0.00040313924514431723,0.9420248866081238,0.8904036283493042,0.9257920980453492,0.95883709192276,0.9973010420799256,0.949224889278412,0.9033567905426024,0.9381501078605652,0.9605641961097716,0.9977760910987854,0.9339007139205932,0.8759979009628296,0.9205816388130188,0.9476107954978944,0.9971291422843932,0.9417168299357096,0.007666730840740373,0.8899194399515787,0.013685870033100551,0.928174614906311,0.009023306828055026,0.955670694510142,0.007033292350238312,0.9974020918210348,0.0003351029390269964,0.034116300615837376,11268,330282,small
cju33w4sdcivk0855x879zht7,0.9321982264518738,0.8730068206787109,0.8796190023422241,0.9914629459381104,0.9889192581176758,0.9808151721954346,0.9623526334762572,0.9796128869056702,0.9820204377174376,0.9983310103416444,0.9784740805625916,0.9578553438186646,0.9637435674667358,0.993661880493164,0.9969472289085388,0.9638291597366333,0.027418189817291418,0.9310715993245443,0.05033582514430737,0.9409918189048767,0.053739424861906436,0.989048421382904,0.00618492070247457,0.9947324991226196,0.005081736022248959,0.92633855342865,0.8627845644950867,0.9689265489578248,0.8873366713523865,0.9976761341094972,0.9326293468475342,0.8737633228302002,0.964873433113098,0.902470588684082,0.9973169565200806,0.9312445521354676,0.871335506439209,0.9651679396629332,0.8996248841285706,0.9973486661911012,0.9300708174705505,0.003305565043602985,0.8692944645881653,0.0057669465511213215,0.966322640577952,0.00225985346096882,0.8964773813883463,0.00804294371330783,0.9974472522735596,0.00019885056430813108,0.9504380822181702,0.9055569171905518,0.960994303226471,0.9401112198829652,0.9968838691711426,0.918159246444702,0.8487009406089783,0.9821665287017822,0.8619841933250427,0.9987218379974364,0.974215030670166,0.9497263431549072,0.9833948612213136,0.9652050137519836,0.9986690282821656,0.9476041197776794,0.028135142502189823,0.9013280669848124,0.05064528971620839,0.9755185643831888,0.012593364197308218,0.9224334756533304,0.0538331814329135,0.9980915784835815,0.0010462401990081402,0.9764133095741272,0.9539135694503784,0.96772962808609,0.985254168510437,0.9973169565200806,0.981173574924469,0.9630429148674012,0.9814910888671876,0.9808562994003296,0.998489499092102,0.9812363386154176,0.9631638526916504,0.9749712944030762,0.9875824451446532,0.9979296326637268,0.9796077410380045,0.002766636785572474,0.9600401123364767,0.005306086344070784,0.9747306704521179,0.006883885212708965,0.9845643043518066,0.0034157273839539384,0.9979120294253031,0.0005864694589686148,0.07566837235073288,25538,337499,small
cju33x0f22peh0988g0ln7w5v,0.8692494034767151,0.7687366008758545,0.9667863845825196,0.7895894646644592,0.9992575645446776,0.8649746179580688,0.7620751261711121,0.9695038795471193,0.7807917594909668,0.9993277788162231,0.870474636554718,0.7706552743911743,0.9643493890762328,0.7932551503181458,0.9991973638534546,0.8682328859965006,0.002887478481574851,0.767155667146047,0.004503248767622299,0.9668798844019572,0.0025785169508442166,0.7878787914911906,0.006405375067633267,0.9992609024047852,6.527152220573522e-05,0.9590811133384703,0.921379327774048,0.9395217895507812,0.9794721603393556,0.9982743263244628,0.9358789920806884,0.8794854283332825,0.9199716448783876,0.9523460268974304,0.9977325797080994,0.9579136967658995,0.9192267656326294,0.94032484292984,0.9761730432510376,0.9983044266700744,0.950957934061686,0.013071785792813461,0.9066971739133199,0.023590627462568344,0.9332727591196696,0.01152609880779838,0.9693304101626078,0.014801114808163528,0.9981037775675455,0.0003218188867119637,0.9537792205810548,0.9116424322128296,0.9433488845825196,0.964442789554596,0.9984148144721984,0.9339070320129396,0.8760090470314026,0.8802725672721863,0.9945014715194702,0.9962978363037108,0.9588161706924438,0.9208903908729552,0.9333564639091492,0.9857038259506226,0.9980736970901488,0.9488341410954794,0.01317029444536788,0.9028472900390625,0.023698093818881327,0.9189926385879517,0.03390272938499009,0.9815493623415629,0.01545398868498405,0.9975954492886859,0.0011366353246165773,0.946578860282898,0.8985759019851685,0.9448502659797668,0.9483137726783752,0.998485028743744,0.9234899282455444,0.8578553795814514,0.9682348370552064,0.8826979398727417,0.9992073774337769,0.9328165650367736,0.8740919828414917,0.9394052028656006,0.926319658756256,0.9983646273612976,0.934295117855072,0.011615260844413096,0.8768410881360372,0.020498985856580294,0.9508301019668579,0.015316846304021093,0.9191104571024576,0.03339668875888836,0.9986856778462728,0.00045579816577643104,0.02674356631643064,8430,315216,small
cju8ceacrsqkr0755hdz145es,0.6554026007652283,0.4874341189861297,0.4897154867649078,0.9905331134796144,0.9578903317451476,0.6527050733566284,0.4844559729099273,0.4897119402885437,0.9783258438110352,0.9584087133407592,0.9776017665863036,0.9561849236488342,0.9712318778038024,0.9840558171272278,0.9988108277320862,0.7619031469027201,0.18680535341253587,0.6426916718482971,0.2714972035433681,0.6502197682857513,0.2780046417707199,0.9843049248059591,0.0061074462066444506,0.971703290939331,0.023477246284383524,0.9559608101844788,0.9156368970870972,0.952063262462616,0.959890365600586,0.9980281591415404,0.9608407616615297,0.9246327877044678,0.9650666117668152,0.9566517472267152,0.9985871911048888,0.9438258409500122,0.8936271071434021,0.9479768872261048,0.9397110342979432,0.9978960156440736,0.9535424709320068,0.008761458512133755,0.911298930644989,0.01595153664708682,0.9550355871518453,0.008924164205290663,0.9520843823750815,0.010837295290865216,0.9981704552968343,0.0003669019300396751,0.9576783776283264,0.9187934994697572,0.9304511547088624,0.9865471124649048,0.9969914555549622,0.9557478427886964,0.9152461886405944,0.9484788775444032,0.9631290435791016,0.9978655576705932,0.9552420377731324,0.9143189787864684,0.9332224130630492,0.9783258438110352,0.9971439242362976,0.9562227527300516,0.0012857264723883785,0.9161195556322733,0.0023616543487374607,0.9373841484387716,0.009707714904235908,0.9760006666183472,0.011880922704828255,0.9973336458206177,0.0004669146997100448,0.9600481390953064,0.9231659173965454,0.9285382032394408,0.99377179145813,0.9968796372413636,0.9657794833183287,0.9338235259056092,0.9511959552764891,0.9808171391487122,0.9979468584060668,0.958101212978363,0.9195722937583924,0.93213951587677,0.985550582408905,0.9970727562904358,0.9613096117973328,0.00399154655326322,0.9255205790201823,0.007411661618681592,0.9372912247975668,0.012175734493103642,0.986713171005249,0.006555109709054312,0.9972997506459554,0.0005686695716107102,0.039174495101841476,10909,278472,small
cju8cgi2kspp308011nxdtjp6,0.9559060335159302,0.915536403656006,0.9301597476005554,0.983118176460266,0.9977560639381408,0.9394831657409668,0.8858729004859924,0.9285483360290528,0.9506785869598388,0.997776210308075,0.9497405886650084,0.9042914509773254,0.9307276606559752,0.9695464968681335,0.9978063702583312,0.9483765959739685,0.008295963086609685,0.9019002517064413,0.014975621207287479,0.9298119147618612,0.0011305329363327616,0.9677810867627462,0.016291692556920246,0.9977795481681824,2.531871729270021e-05,0.9446552991867064,0.8951153755187988,0.9043294191360474,0.9887454509735109,0.9968202710151672,0.9318817853927612,0.8724519610404968,0.8788501024246216,0.9917246103286744,0.9958441853523254,0.942277193069458,0.8908545970916748,0.9044139981269836,0.983449161052704,0.9968403577804564,0.9396047592163086,0.006793164997673875,0.8861406445503235,0.01204465028032826,0.8958645065625509,0.014734966899454364,0.9879730741182965,0.004191442434847842,0.996501604715983,0.0005694304473058278,0.9234346151351928,0.8577598333358765,0.8682599663734436,0.9860973358154296,0.9954517483711244,0.941814124584198,0.8900271058082581,0.9083640575408936,0.9778218865394592,0.9970013499259948,0.9432035684585572,0.8925120830535889,0.9103788137435912,0.9784839749336244,0.9970718026161194,0.9361507693926493,0.011034404057064967,0.8800996740659078,0.019386725893245308,0.8956676125526428,0.02375708552100206,0.9808010657628378,0.0045986354076952,0.9965083003044128,0.0009156786478826187,0.9473517537117004,0.8999699354171753,0.906779646873474,0.9917246103286744,0.996900737285614,0.946215808391571,0.8979217410087585,0.9212919473648072,0.9725256562232972,0.9974743127822876,0.941553235054016,0.8895612955093384,0.9119106531143188,0.9731876850128174,0.997142255306244,0.9450402657190958,0.003072804921726445,0.8958176573117574,0.0055141021332346845,0.9133274157842001,0.007359152718537938,0.9791459838549296,0.010898438122227998,0.9971724351247152,0.0002879762640883846,0.029429694882189775,9655,328070,small
cju8chdlqsu620755azjty1tj,0.9688666462898254,0.9396132826805116,0.988718569278717,0.949796199798584,0.9987227916717528,0.930972933769226,0.8708600401878357,0.9713135361671448,0.8938495516777039,0.9968887567520142,0.9364892840385436,0.8805639743804932,0.9942768216133118,0.8850499987602234,0.9993996024131776,0.9454429546991984,0.020472164660168733,0.8970124324162801,0.037211099380836055,0.9847696423530579,0.01198013512105282,0.909565250078837,0.03511773084072329,0.9983370502789816,0.001299108848449071,0.9443108439445496,0.8944970369338989,0.9617711901664734,0.9274731278419496,0.9956552386283876,0.9573341012001038,0.9181599617004396,0.9607276320457458,0.9539644122123718,0.9954041242599488,0.9440758228302002,0.8940753936767578,0.9666149020195008,0.922563910484314,0.996244728565216,0.9485735893249512,0.007587735826125251,0.9022441307703654,0.013785126093188318,0.96303790807724,0.003141403768231971,0.934667150179545,0.016891220951689934,0.9957680304845175,0.00043150365191423393,0.947994351387024,0.901130437850952,0.9663267135620116,0.930344581604004,0.996179223060608,0.9629908800125122,0.9286233186721802,0.9793143272399902,0.9472026824951172,0.9976420402526855,0.9095830321311952,0.8341606855392456,0.901026964187622,0.9183030724525452,0.9881118535995485,0.9401894211769104,0.027546093289558003,0.8879714806874593,0.04858668418224097,0.9488893349965414,0.04195562455559413,0.9319501121838888,0.014516547850139552,0.9939777056376139,0.005132360434899109,0.9521347880363464,0.9086424112319946,0.9851426482200624,0.9212671518325806,0.9983625411987304,0.9392098784446716,0.8853870630264282,0.9878360629081726,0.895146369934082,0.9987009167671204,0.9375641942024232,0.8824666142463684,0.9928549528121948,0.8881067037582397,0.9992467761039734,0.9429696202278137,0.007979805440937703,0.8921653628349304,0.014344061425504123,0.9886112213134766,0.003914149134287287,0.9015067418416342,0.017471250018946748,0.9987700780232748,0.0004461561401876845,0.10541163623126858,34750,329660,medium
cju8chxndsre008015uisl4si,0.9182263016700744,0.8488155603408813,0.9803258776664734,0.8635255694389343,0.9993516206741332,0.947589099407196,0.9003984332084656,0.917999505996704,0.9791497588157654,0.996727705001831,0.9500760436058044,0.9048998951911926,0.9708874821662904,0.930138111114502,0.9989565014839172,0.938630481561025,0.01771423553610069,0.8847046295801798,0.031162232881211446,0.9564042886098226,0.033592652813898775,0.9242711464564005,0.05803493988957756,0.9983452757199606,0.0014147194296861725,0.9572436809539796,0.9179936051368712,0.9787775874137878,0.9366368651390076,0.9992401599884032,0.887159526348114,0.7972028255462646,0.9482439756393432,0.8334687352180481,0.9982979893684388,0.9397352933883668,0.8863213658332825,0.978879451751709,0.9036014080047609,0.9992705583572388,0.9280461668968201,0.03647497690617845,0.8671725988388062,0.06263073978952496,0.9686336716016134,0.01765806813219378,0.8912356694539388,0.052683957475473095,0.9989362359046936,0.0005529466484100215,0.9310653805732728,0.8710217475891113,0.882210373878479,0.985648512840271,0.9950763583183287,0.8845523595809937,0.7930021286010742,0.9831125736236572,0.8039534091949463,0.9994833469390868,0.945469319820404,0.896578311920166,0.9472683072090148,0.9436772465705872,0.9980345964431764,0.9203623533248901,0.031837636617880305,0.8535340627034506,0.05395711982428875,0.9375304182370504,0.051151083464347956,0.9110930562019348,0.09512925295962728,0.9975314339001974,0.0022461670873658583,0.9573726654052734,0.9182308912277222,0.9479691982269288,0.9669645428657532,0.9980143308639526,0.9671258926391602,0.9363444447517396,0.9744365215301514,0.9599241614341736,0.9990578293800354,0.9642857313156128,0.931034505367279,0.9864060878753662,0.943135678768158,0.9995136857032776,0.9629280964533488,0.005016347245096109,0.928536613782247,0.009311541338295818,0.9696039358774821,0.019668859512674514,0.9566747943560282,0.012242241659590642,0.9988619486490885,0.0007686307170019906,0.036076986076986076,9691,268620,small
cju8cj10qsrau0871o2dr6ai1,0.977076768875122,0.9551809430122375,0.9959982633590698,0.9588607549667358,0.9997056722640992,0.9687167406082152,0.9393314123153688,0.9998535513877868,0.9394606351852416,0.9999895095825196,0.9758325219154358,0.9528055787086488,0.9969853758811952,0.9555585980415344,0.999779224395752,0.9738753437995911,0.004510590625264752,0.949105978012085,0.008547934827387126,0.9976123968760172,0.0020026677063489005,0.9512933293978373,0.010379573658694304,0.9998248020807902,0.00014730546446792712,0.9756234288215636,0.9524070024490356,0.9937214851379396,0.9581727981567384,0.999537467956543,0.9751639366149902,0.9515316486358644,0.9891027212142944,0.9616125226020812,0.9991905689239502,0.9691392183303832,0.9401261806488036,0.9748051166534424,0.9635388255119324,0.9980973601341248,0.9733088612556458,0.0036183179607545625,0.9480216105779012,0.006851636402971631,0.9858764410018921,0.009862246811301345,0.9611080487569174,0.0027183511159365233,0.9989417990048727,0.0007515933006127196,0.9714127779006958,0.9444145560264589,0.9774341583251952,0.9654650688171388,0.9982970952987672,0.9735885858535768,0.9485363960266112,0.9890686869621276,0.958585560321808,0.9991905689239502,0.9727373123168944,0.946921706199646,0.9784242510795592,0.967116117477417,0.9983707070350648,0.972579558690389,0.0010964486841442828,0.946624219417572,0.0020769605282348435,0.9816423654556273,0.006450407681223883,0.9637222488721212,0.00452445216206794,0.9986194570859274,0.0004959649388591068,0.983843982219696,0.968201756477356,0.9960519075393676,0.9719317555427552,0.9997056722640992,0.983176290988922,0.9669092297554016,0.9978744387626648,0.9689047932624816,0.9998423457145692,0.9830250144004822,0.966616690158844,0.9900907278060912,0.9760594367980956,0.9992536902427672,0.9833484292030334,0.0004357760271000191,0.9672425587972006,0.0008434690249796974,0.9946723580360413,0.0040711063223609146,0.9722986618677775,0.003591405883345941,0.9996005694071451,0.0003080807913933042,0.07090638840016987,23375,329660,small
cju8clorgsuwn08714toqb7v6,0.948292076587677,0.901668667793274,0.9470307230949402,0.9495567679405212,0.9924486875534058,0.9521929025650024,0.9087483286857604,0.9398593902587892,0.9648544788360596,0.9912217259407043,0.9584540128707886,0.9202225208282472,0.9320928454399108,0.9863497018814088,0.9897828102111816,0.9529796640078226,0.005126449300581864,0.9102131724357605,0.009363262840472942,0.9396609862645467,0.0074709149585479315,0.9669203162193298,0.018483256208396203,0.9911510745684305,0.0013343422399253913,0.8842595815658569,0.7925316691398621,0.8368232846260071,0.9373970627784728,0.9740108847618104,0.9060794115066528,0.8282862901687622,0.865561842918396,0.9505766034126282,0.9790079593658448,0.8877372145652771,0.7981362342834473,0.8458860516548157,0.9339452385902404,0.975806713104248,0.8926920692125956,0.011723445871131652,0.8063180645306905,0.01923031437278381,0.8494237263997396,0.014692261232768539,0.9406396349271139,0.00877703136420261,0.9762751857439677,0.002531262256305324,0.8504737615585327,0.7398471832275391,0.7604353427886963,0.9646975994110109,0.956788957118988,0.8724043965339661,0.7736855149269104,0.7944208383560181,0.9673648476600648,0.964407205581665,0.8830991983413696,0.790669322013855,0.8128917217254639,0.9665803909301758,0.9683669209480286,0.8686591188112894,0.01663205069234414,0.7680673400561014,0.025872676018594033,0.7892493009567261,0.02660782821076619,0.9662142793337504,0.0013707959663269216,0.9631876945495605,0.005884532009829764,0.948506474494934,0.9020563364028932,0.9686758518218994,0.9291598200798036,0.9957279562950134,0.9619560837745668,0.92670077085495,0.957915186882019,0.9660311937332152,0.9939656257629396,0.9558835029602052,0.9154950976371764,0.9616514444351196,0.9501843452453612,0.9946125745773317,0.9554486870765686,0.006735339344323572,0.9147507349650065,0.012339067801346285,0.9627474943796793,0.005463421235619647,0.9484584530194601,0.0184961773551711,0.9947687188784281,0.0008914807951625413,0.12445237387253444,37668,302670,medium
cju8cwy02t9eq08185qn12c02,0.8799092769622803,0.7855696678161621,0.993078589439392,0.7898944020271301,0.9991810917854308,0.880822479724884,0.7870266437530518,0.9929044246673584,0.791478157043457,0.9991586208343506,0.8704259991645813,0.7705789804458618,0.9912322759628296,0.7758672833442688,0.998979151248932,0.8770525852839152,0.005756927784775344,0.7810584306716919,0.009104661031411682,0.99240509668986,0.0010194187977806094,0.7857466141382853,0.008592319401135962,0.9991062879562378,0.00011067539324091995,0.8720711469650269,0.7731615304946899,0.977253556251526,0.7873303294181824,0.9972739219665528,0.913024127483368,0.8399672508239746,0.98422110080719,0.8514328598976135,0.9979695081710817,0.8639531135559082,0.7604907155036926,0.9893927574157716,0.7667421102523804,0.9987772107124328,0.8830161293347677,0.026302767559188377,0.7912064989407858,0.0427006508298697,0.983622471491496,0.006091700831435488,0.8018350998560587,0.04416924317847782,0.9980068802833557,0.0007523408598861058,0.900313675403595,0.8187004327774048,0.913522720336914,0.887481153011322,0.9875028133392334,0.874524712562561,0.7770270109176636,0.9105378985404968,0.8412519097328186,0.9877047538757324,0.905053973197937,0.8265740275382996,0.9884780049324036,0.8346154093742371,0.9985528588294984,0.8932974537213644,0.016429530235412448,0.8074338237444559,0.0266257220245271,0.9375128746032715,0.044162321863644785,0.8544494907061259,0.028798069731073107,0.9912534753481547,0.00632225785624526,0.954426109790802,0.9128251075744628,0.9933925867080688,0.9184011816978456,0.9990913271903992,0.9579622745513916,0.919316291809082,0.9889200925827026,0.9288838505744934,0.9984518885612488,0.9572242498397828,0.9179579019546508,0.9919915795326232,0.9248114824295044,0.9988893866539,0.9565375447273254,0.0018654190513434832,0.9166997671127319,0.0034236012694646724,0.9914347529411316,0.002287650063952735,0.9240321715672811,0.005284607909707653,0.998810867468516,0.0003268705966700931,0.12937544900736517,44301,342422,medium
cju8czvnztbf40871b4m7t78w,0.9595239162445068,0.9221969842910768,0.9699574112892152,0.9493124485015868,0.9954692721366882,0.8797522187232971,0.7853193283081055,0.9345287084579468,0.8310415744781494,0.9910287857055664,0.8782851696014404,0.7829843163490295,0.813337504863739,0.9545055627822876,0.966245174407959,0.9058537681897482,0.04648549937826069,0.8301668763160706,0.0797089621725859,0.9059412082036337,0.08213027852305138,0.9116198619206747,0.06983113499264325,0.9842477440834045,0.015747979747437392,0.9617158770561218,0.9262549877166748,0.9866892099380492,0.9379754066467284,0.9980502128601074,0.9645861983299256,0.9315949082374572,0.9868390560150146,0.943314790725708,0.99806147813797,0.9597047567367554,0.9225311875343324,0.9785633087158204,0.941559374332428,0.9968217611312866,0.9620022773742676,0.00245329102708152,0.9267936944961548,0.004555810794112992,0.984030524889628,0.00473534085151783,0.9409498572349548,0.002721376288718507,0.9976444840431213,0.0007125212059052534,0.9587804675102234,0.9208245277404784,0.9955114722251892,0.924663543701172,0.9993575811386108,0.9648997783660888,0.932180106639862,0.9889426231384276,0.9419982433319092,0.9983770847320556,0.951477587223053,0.9074461460113524,0.9842845797538756,0.9207870364189148,0.9977346658706664,0.9583859443664551,0.00671978721041624,0.9201502601305642,0.012380758446092842,0.9895795583724976,0.005640482560021718,0.9291496078173319,0.011294795399527562,0.998489777247111,0.0008173054471517539,0.949461817741394,0.9037860631942748,0.9928947687149048,0.9096693992614746,0.998996913433075,0.9576258063316344,0.9186968207359314,0.9937853813171388,0.9240052700042723,0.9991096258163452,0.950531244277954,0.9057260751724244,0.9914991855621338,0.9128144979476928,0.9987940788269044,0.9525396227836609,0.004437101034688371,0.9094029863675436,0.00810693712625869,0.9927264451980591,0.0011523551372268808,0.9154963890711466,0.007534832611750332,0.9989668726921082,0.00015990406569147376,0.13351823894954887,45636,341796,medium
cju8d2q30tfhs0801n7lx77xl,0.9521453976631165,0.908661723136902,0.9206750392913818,0.9858433604240416,0.9826399683952332,0.9794172644615172,0.9596647024154664,0.9771451354026794,0.9816999435424804,0.9953071475028992,0.9804847240447998,0.9617165327072144,0.9808235168457032,0.9801461696624756,0.996083438396454,0.9706824620564779,0.016062438629710154,0.9433476527531942,0.0300564100799866,0.9595478971799215,0.03371508464807772,0.9825631578763326,0.0029450551578950558,0.9913435180981954,0.007547482359158256,0.974172294139862,0.9496451616287231,0.9781284332275392,0.97024804353714,0.9955658912658693,0.9758852124214172,0.95290607213974,0.9771521091461182,0.9746216535568236,0.9953424334526062,0.9772071838378906,0.9554302096366882,0.9798645973205566,0.9745640754699708,0.9959070086479188,0.9757548967997233,0.0015216357943815793,0.9526604811350504,0.00290033296705801,0.9783817132314047,0.001373867204057845,0.9731445908546448,0.0025086487559898923,0.9956051111221313,0.0002843236459292248,0.9750259518623352,0.9512689113616944,0.9772241115570068,0.9728376865386964,0.9953659772872924,0.9754159450531006,0.9520117044448853,0.9758654236793518,0.9749668836593628,0.9950719475746156,0.9781606197357178,0.9572547674179076,0.9860250353813172,0.9704206585884094,0.9971889853477478,0.9762008388837179,0.001708385030697116,0.9535117944081625,0.003262716752166763,0.9797048568725586,0.005515432936239223,0.9727417429288229,0.0022746306252110285,0.9958756367365519,0.001146855177815321,0.9816745519638062,0.9640086889266968,0.9909123182296752,0.9726074934005736,0.9981769919395448,0.983435034751892,0.9674099683761596,0.9933658242225648,0.9737008810043336,0.9986709356307985,0.9779810309410096,0.9569107890129088,0.9900925755500792,0.9661621451377868,0.998024046421051,0.9810302058855692,0.002783509618033364,0.9627764821052551,0.005356952684459062,0.9914569060007731,0.0017032237370070236,0.9708235065142313,0.0040737073439768515,0.9982906579971313,0.0003380922831230816,0.16964061996635288,56871,335244,large
cju8d4jgatgpj0871q2ophhkm,0.9720367789268494,0.945594847202301,0.958727240562439,0.985720992088318,0.9927642941474916,0.9694832563400269,0.940773904323578,0.9534582495689392,0.98605614900589,0.9917926788330078,0.9718673229217528,0.945274293422699,0.9597960114479064,0.9842461347579956,0.992970049381256,0.9711291193962097,0.0014278752516226408,0.9438810149828593,0.002695605900010066,0.9573271671930949,0.0033929280110668886,0.9853410919507345,0.000962954298135236,0.9925090074539185,0.000628831315940271,0.9773488640785216,0.9557011127471924,0.9671173691749572,0.9877991676330566,0.9942731857299804,0.979688048362732,0.9601847529411316,0.9701570868492126,0.9894080758094788,0.9948104023933412,0.9791694283485411,0.959188997745514,0.9721176028251648,0.9863243103027344,0.9951761960983276,0.9787354469299316,0.001228495292074018,0.9583582878112793,0.002354424896509541,0.9697973529497782,0.0025194524202629656,0.9878438512484232,0.0015423682745240473,0.9947532614072164,0.00045420892831070245,0.9809878468513488,0.9626851081848145,0.97283935546875,0.989273965358734,0.9952905178070068,0.9806023836135864,0.961942970752716,0.9801098108291626,0.9810953736305236,0.9966050386428832,0.9849963188171388,0.970436155796051,0.9885880351066588,0.9814305901527404,0.9980682134628296,0.982195516427358,0.002433211046511975,0.9650214115778605,0.004703964626073565,0.9805124004681905,0.007882054706576228,0.9839333097139993,0.004628179400792416,0.9966545899709066,0.0013895106295656065,0.9775363206863404,0.9560596942901612,0.972028911113739,0.98310649394989,0.9951761960983276,0.9781232476234436,0.9571831226348876,0.97763192653656,0.9786149859428406,0.996182143688202,0.9801275730133056,0.961029589176178,0.976637363433838,0.9836428165435792,0.9959877729415894,0.9785957137743632,0.0013586998761036628,0.9580908020337423,0.0026063144884765394,0.9754327336947123,0.0029894472839275517,0.9817880988121033,0.00276104951819698,0.9957820375760397,0.0005335990244293134,0.14567854136767974,48115,330282,medium
cju8dic9mtppa0987swn23wbc,0.982726275920868,0.96603924036026,0.9816689491271972,0.9837859272956848,0.9940537810325624,0.9714239835739136,0.944435715675354,0.9818864464759828,0.9611821174621582,0.9942606091499328,0.984508454799652,0.9694895148277284,0.9792572259902954,0.9898163080215454,0.9932135343551636,0.9795529047648112,0.007096024251992396,0.9599881569544474,0.013578840921814855,0.9809375405311584,0.0014592528880762968,0.9782614509264628,0.015095333603911975,0.9938426415125529,0.000554550565000704,0.972171187400818,0.945849359035492,0.9826214909553528,0.9619408845901488,0.994493305683136,0.9643622636795044,0.931177258491516,0.9769691228866576,0.9520766735076904,0.9927352666854858,0.9699527621269226,0.9416584968566896,0.9810064435005188,0.9591453671455384,0.9939891695976256,0.9688287377357483,0.004023977577632553,0.9395617047945658,0.007557449060825635,0.9801990191141764,0.0029114028922061826,0.9577209750811259,0.005084027403023589,0.9937392473220825,0.0009052740674371372,0.9732449650764464,0.9478842616081238,0.9850691556930542,0.961701273918152,0.9952818155288696,0.9739563465118408,0.9492347836494446,0.9794434905052184,0.9685303568840028,0.9934203624725342,0.9715821146965028,0.944734752178192,0.9545647501945496,0.9892172813415528,0.9847595691680908,0.9729278087615967,0.0012184766203245853,0.9472845991452535,0.0023091702216592055,0.9730257987976074,0.01623329183636992,0.9731496373812359,0.014327804450272603,0.9911539157231649,0.005615336389747789,0.97980797290802,0.960415244102478,0.991937816143036,0.9679712653160096,0.9974534511566162,0.985003650188446,0.9704504013061525,0.9943838715553284,0.975798726081848,0.998216152191162,0.9792859554290771,0.9594126343727112,0.9853636622428894,0.973282754421234,0.9953205585479736,0.9813658595085144,0.0031612127950089975,0.9634260932604471,0.0061038499496854646,0.9905617833137512,0.004664884111154819,0.9723509152730306,0.003996064145978926,0.9969967206319174,0.0015008556612019818,0.24522486368862134,79561,324441,large
cju8djdqztu6408506pzhlo18,0.9235050082206726,0.8578813672065735,0.8613627552986145,0.9953107833862304,0.9842432737350464,0.940425992012024,0.8875510096549988,0.8901441097259521,0.9967284798622132,0.9879009127616882,0.931190550327301,0.8712409734725952,0.872486412525177,0.9983642101287842,0.9856483936309814,0.9317071835199991,0.00847231405866441,0.8722244501113892,0.014859251006650372,0.8746644258499146,0.014513765782871715,0.9968011577924093,0.0015280102353023993,0.985930860042572,0.0018451073864577691,0.9463924765586852,0.8982400894165039,0.9012528657913208,0.996292233467102,0.989263117313385,0.9550926685333252,0.91404527425766,0.9182769656181335,0.9949836134910583,0.9912903308868408,0.9519135355949402,0.9082395434379578,0.9131523370742798,0.9941112399101256,0.9907004237174988,0.9511328935623169,0.004402316047970806,0.9068416357040405,0.007994784330436119,0.9108940561612447,0.008733834681281489,0.9951290289560953,0.0010977442630217284,0.9904179573059082,0.0010427076164287435,0.9558224678039552,0.9153831005096436,0.9170340895652772,0.9980370998382568,0.9911187291145324,0.9462031722068788,0.8978990912437439,0.9000197052955627,0.9973827600479126,0.9891022443771362,0.9477066397666932,0.9006107449531555,0.9030123353004456,0.9970555901527404,0.989466905593872,0.9499107599258424,0.005174584157491233,0.904630978902181,0.009409801047641176,0.9066887100537618,0.009083452896035338,0.9974918166796366,0.0004997602699123828,0.9898959596951803,0.0010745316377031157,0.9434760212898254,0.8930001258850098,0.8950097560882568,0.9974918365478516,0.9884908199310304,0.9281728863716124,0.8659725785255432,0.8676972389221191,0.9977099299430848,0.9850370287895204,0.9347005486488342,0.8774063587188721,0.8781633377075195,0.9990185499191284,0.9863670468330384,0.9354498187700907,0.007679032417382627,0.8787930210431417,0.013567026327394425,0.8802901109059652,0.013779904631958146,0.9980734388033549,0.0008257223795744186,0.9866316318511964,0.0017420310663614727,0.08947595960843653,28975,323830,medium
cju8dk7eztzup08182yxko5zh,0.9533419609069824,0.910843789577484,0.9924826622009276,0.9171713590621948,0.9995970726013184,0.945645034313202,0.8968943953514099,0.995862066745758,0.9002493619918823,0.9997830390930176,0.9578551054000854,0.9191189408302308,0.9884403944015504,0.929105818271637,0.999369740486145,0.9522807002067566,0.006173829013834892,0.9089523752530416,0.011232350223576286,0.9922617077827454,0.0037157665073816837,0.9155088464419047,0.014499887186313405,0.9995832840601603,0.0002069940277185544,0.9719203114509584,0.9453744292259216,0.988757848739624,0.9556465744972228,0.999369740486145,0.9667243957519532,0.935591995716095,0.9901027083396912,0.9444246292114258,0.9994524121284484,0.9756938219070436,0.952541172504425,0.9939024448394777,0.9581403732299804,0.9996590614318848,0.9714461763699851,0.00450347137707811,0.9445025324821472,0.008508160870562456,0.9909210006395975,0.0026681302392728,0.9527371923128763,0.007306078771582841,0.9994937380154928,0.00014902189139833361,0.962382435798645,0.9274924397468568,0.9975152611732484,0.9296401739120485,0.999865710735321,0.9507614970207214,0.9061442613601683,0.9998034834861756,0.9063056707382202,0.999989688396454,0.9691453576087952,0.94013774394989,0.9908803105354308,0.9483434557914734,0.9994937181472778,0.9607630968093872,0.009298294284546524,0.9245914816856384,0.017181410969391856,0.9960663517316183,0.0046346799031605,0.9280964334805807,0.021061367333003102,0.9997830390930176,0.00025811348734194303,0.9774123430252076,0.9558225870132446,0.9917491674423218,0.9634841680526732,0.999535083770752,0.9615207314491272,0.925893008708954,0.9975110292434692,0.9280370473861694,0.999865710735321,0.976689338684082,0.954440712928772,0.9950101375579834,0.9590309858322144,0.9997210502624512,0.9718741377194723,0.008973597376104935,0.9453854362169901,0.016895071518444948,0.9947567780812582,0.002889274324500088,0.9501840670903524,0.01930869154824459,0.9997072815895081,0.0001657429627193979,0.05480264117904567,18027,328944,small
cju8dm2cau2km0818jsv9eeq2,0.978223204612732,0.957374632358551,0.989901602268219,0.9668171405792236,0.998695194721222,0.9468603134155272,0.8990833163261414,0.9966743588447572,0.9017887115478516,0.9996019005775452,0.9724589586257936,0.9463943243026732,0.9972766637802124,0.9488465189933776,0.9996572136878968,0.9658474922180176,0.01669405139886029,0.9342840909957886,0.030975194821953093,0.9946175416310629,0.004095211333293265,0.9391507903734843,0.03358093969315052,0.9993181029955546,0.0005401628677706841,0.979783058166504,0.9603673815727234,0.9895984530448914,0.9701604843139648,0.9986509680747986,0.9824870228767396,0.9655768871307372,0.984963059425354,0.9800233840942384,0.9980207085609436,0.9824398756027222,0.9654858708381652,0.9899855852127076,0.9750083684921264,0.998695194721222,0.9815699855486552,0.0015477040473466674,0.9638100465138754,0.002981782590021531,0.9881823658943176,0.0027947125853427187,0.9750640789667765,0.004931685894465432,0.9984556237856547,0.00037729622126072307,0.9819722771644592,0.9645829796791076,0.9760528206825256,0.9879639148712158,0.9967933297157288,0.975998044013977,0.9531212449073792,0.9632855653762816,0.9890505075454712,0.9950130581855774,0.980972170829773,0.962654948234558,0.9752188920974731,0.9867936968803406,0.9966827630996704,0.9796474973360697,0.0031998336414210573,0.9601197242736816,0.006137048263881706,0.9715190927187601,0.007142624769351097,0.9879360397656759,0.0011286635285564384,0.9961630503336588,0.0009974556128637551,0.9874630570411682,0.9752365350723268,0.9841427803039552,0.9908057451248168,0.9978880286216736,0.9825160503387452,0.9656329154968262,0.9786863327026368,0.9863758087158204,0.9971582293510436,0.9858477115631104,0.9720903635025024,0.9790619015693665,0.9927281737327576,0.9971913695335388,0.9852756063143412,0.0025226369418143266,0.9709866046905518,0.0048960279690738705,0.9806303381919861,0.0030476548665923846,0.9899699091911316,0.0032576220787763673,0.9974125425020853,0.0004121163129078673,0.1175333360590149,40246,342422,medium
cju8dn0c3u2v50801k8rvq02f,0.9381695985794068,0.8835399746894836,0.9667326807975768,0.9112459421157836,0.9856522679328918,0.9786762595176696,0.958242893218994,0.9822027087211608,0.9751749634742736,0.9919151663780212,0.977691888809204,0.9563573598861694,0.9717578291893004,0.983698844909668,0.986919105052948,0.9648459156354269,0.023107610546698614,0.9327134092648824,0.042595877851537026,0.9735644062360126,0.00789165581221062,0.9567065834999084,0.039600083017250924,0.9881621797879537,0.003311329088313054,0.9778717756271362,0.9567016959190368,0.9708407521247864,0.9850054383277892,0.9864636063575744,0.9741928577423096,0.949684202671051,0.9707772135734558,0.9776325821876526,0.9865347743034364,0.9618957042694092,0.9265887141227722,0.9805461168289183,0.9439415335655212,0.9914312362670898,0.971320112546285,0.008366493454713174,0.9443248709042867,0.015755625849366538,0.9740546941757202,0.005621826690117462,0.968859851360321,0.0218925026711832,0.9881432056427002,0.0028477403777947686,0.9537104964256288,0.9115167856216432,0.9765296578407288,0.9319334030151368,0.989751636981964,0.9583393335342408,0.9200109839439392,0.982138216495514,0.9356665015220642,0.9922140836715698,0.9689086079597472,0.939692199230194,0.9787341952323914,0.9592782855033876,0.9904633164405824,0.9603194793065389,0.007790146437040735,0.9237399895985922,0.014453117151069957,0.9791340231895447,0.002825575931121433,0.9422927300135294,0.014827873333350623,0.9908096790313721,0.0012672356560685847,0.9819588661193848,0.9645571112632751,0.9768200516700744,0.9871519804000854,0.9892818927764891,0.976911723613739,0.9548655152320862,0.9879123568534852,0.9661533832550048,0.9945911169052124,0.9804589748382568,0.9616669416427612,0.9760458469390868,0.984912097454071,0.9889402985572816,0.9797765215237936,0.0025918562388547854,0.9603631893793741,0.004975599047467003,0.9802594184875488,0.006638934211602579,0.9794058203697205,0.011531460705937526,0.9909377694129944,0.003168498473539282,0.3139126154358135,452775,1442360,large
cju8doa16u5gh0818w1ywda3q,0.570790708065033,0.399375170469284,0.9950925707817078,0.400163322687149,0.9949870109558104,0.4074948132038116,0.2558828592300415,0.9954519271850586,0.2561823725700378,0.997026801109314,0.609799861907959,0.438641756772995,0.9953767657279968,0.4395372569561004,0.994814157485962,0.5293617943922678,0.10732706717727794,0.3646332621574402,0.09620526910019205,0.9953070878982544,0.00018954024935491297,0.365294317404429,0.09652273853404368,0.9956093231836954,0.0012306105528238538,0.9455431699752808,0.8967111110687256,0.9889445304870604,0.9057911038398744,0.9742783308029176,0.942157506942749,0.8906406760215759,0.9955902695655824,0.8941680788993835,0.989939510822296,0.9264397025108336,0.8629600405693054,0.9949846863746644,0.8667301535606384,0.9889023303985596,0.9380467931429545,0.010193580982616636,0.8834372758865356,0.01799167641142235,0.9931731621424357,0.0036745988907515067,0.8888964454332987,0.020056970078498756,0.9843733906745911,0.008757945601986209,0.89522385597229,0.8103214502334595,0.9947924613952636,0.8137733936309814,0.9891788959503174,0.9221347570419312,0.8555194735527039,0.9836336374282836,0.8678734302520752,0.963318943977356,0.8902716636657715,0.8022429347038269,0.998477339744568,0.803225576877594,0.9968885183334352,0.9025434255599976,0.01714631896607657,0.8226946194966634,0.028712695556859423,0.9923011461893717,0.00772909200391273,0.8282908002535502,0.03468288566088263,0.9831287860870361,0.01758357053133442,0.9804219007492064,0.9615957140922546,0.9937232732772828,0.967471957206726,0.9844771027565002,0.9621284008026124,0.9270206689834596,0.997428834438324,0.9292412400245668,0.993915319442749,0.9560493230819702,0.91579931974411,0.9662626385688782,0.946049690246582,0.9160933494567872,0.9661998748779297,0.012686146436008489,0.9348052342732748,0.023870002647386528,0.9858049154281616,0.017025223479097688,0.9475876291592916,0.01916170337261227,0.9648285905520121,0.04246896251395156,0.7187133401005354,236484,329038,large
cju8dpa89u6l80818dj6lldh9,0.6606854796409607,0.4933011829853058,0.5323694348335266,0.8705006837844849,0.896347165107727,0.6397107243537903,0.4702754914760589,0.5347329378128052,0.7959751486778259,0.9061169028282166,0.6236101388931274,0.4530766308307647,0.5052530169487,0.8143815398216248,0.8919003009796143,0.6413354476292928,0.018590992904722867,0.47221776843070984,0.020182491888633938,0.5241184631983439,0.016380638975080266,0.8269524574279785,0.03882054640049216,0.8981214563051859,0.007272484030264739,0.6317078471183777,0.461676150560379,0.4787377715110779,0.9283376932144164,0.8629790544509888,0.6410362124443054,0.4717095792293548,0.4828286170959472,0.9534522294998168,0.8615596294403076,0.6528494358062744,0.4846150577068329,0.4939541518688202,0.962450921535492,0.8663391470909119,0.6418644984563192,0.010595104357689168,0.4726669291655223,0.011499380611303307,0.4851735134919484,0.007874545201397737,0.9480802814165751,0.017679690502897465,0.8636259436607361,0.0024545460843860755,0.6936784386634827,0.5310165882110596,0.5394856333732605,0.9712859988212584,0.8876086473464966,0.6904615759849548,0.527255654335022,0.5371844172477722,0.9661322236061096,0.8871650695800781,0.7004843950271606,0.5390349626541138,0.5462661981582642,0.9760307669639589,0.890103816986084,0.6948748032251993,0.005117391084488225,0.5324357350667318,0.006016519713881899,0.540978749593099,0.004721412199861657,0.9711496631304423,0.004950679823746232,0.8882925113042196,0.0015842384648723016,0.7014140486717224,0.5401368141174316,0.5455371737480164,0.98200261592865,0.8891057372093201,0.6950988173484802,0.5326830744743347,0.5403712391853333,0.9739856123924256,0.8876973986625671,0.7006887793540955,0.5392770767211914,0.5433851480484009,0.9861747622489928,0.8876641392707825,0.699067215124766,0.0034558124339864526,0.5373656551043192,0.004077953912791717,0.5430978536605835,0.0025949226434393946,0.9807209968566895,0.006194816715664195,0.8881557583808899,0.0008228738528077365,0.11939909032154311,39350,329567,medium
cju8dqkrqu83i0818ev74qpxq,0.8999919295310974,0.8181684613227844,0.9936880469322203,0.8224427700042725,0.9922831058502196,0.8763003945350647,0.779835045337677,0.9939340949058532,0.7835642695426941,0.9929362535476683,0.844533383846283,0.7309024930000305,0.9906317591667176,0.7359896302223206,0.9897189140319824,0.8736085693041483,0.027827091380056436,0.7763019998868307,0.04374013162354774,0.9927513003349304,0.001839694532835188,0.7806655565897623,0.04329940238764329,0.9916460911432902,0.001700634938025172,0.8257607221603394,0.7032303214073181,0.9953561425209044,0.70554518699646,0.995137631893158,0.7989239692687988,0.6651734709739685,0.9920316934585572,0.6687465310096741,0.9920654296875,0.7141357064247131,0.5553740859031677,0.9948517084121704,0.5569748878479004,0.9957424402236938,0.7796067992846171,0.058265777491105605,0.6412592927614847,0.07677423092450043,0.9940798481305441,0.001791596107608952,0.6437555352846781,0.077373741332368,0.9943151672681173,0.001971658607721589,0.9237129092216492,0.8582403063774109,0.997738778591156,0.8599128723144531,0.997121274471283,0.9780233502388,0.9569918513298036,0.991071879863739,0.9653139710426332,0.9871546626091005,0.9582457542419434,0.9198386073112488,0.9886618852615356,0.929645299911499,0.9842517971992492,0.9533273379007975,0.027487253688718957,0.9116902550061544,0.04987748631985237,0.9924908479054769,0.004701872058758268,0.9182907144228617,0.05361010037288653,0.9895092447598776,0.0067501040097480815,0.9621736407279968,0.9271045923233032,0.9508867859840392,0.9737316370010376,0.9257100224494934,0.9626864194869996,0.9280573129653932,0.934612274169922,0.9924994111061096,0.897430956363678,0.9299620389938354,0.869092583656311,0.8821032047271729,0.9833120703697203,0.8058686852455139,0.951607366402944,0.018747156704405854,0.9080848296483358,0.03377163535842461,0.9225340882937113,0.035947283529846934,0.9831810394922892,0.009384573140685902,0.8763365546862284,0.06264356999969485,0.5962082975124102,859947,1442360,large
cjyzjzssvd8pq0838f4nolj5l,0.8252230882644653,0.7024508714675903,0.7109470963478088,0.9832718968391418,0.985739290714264,0.8272436857223511,0.7053841352462769,0.7095334529876709,0.9917777180671692,0.9855167865753174,0.7798430323600769,0.6391333937644958,0.7580299973487854,0.8029486536979675,0.990856945514679,0.8107699354489645,0.026802531681238334,0.6823228001594543,0.03743186647310684,0.7261701822280884,0.027600461255768198,0.9259994228680929,0.1066499230834715,0.98737100760142,0.00302096000871968,0.7914729714393616,0.6549071073532104,0.6594859957695007,0.9895095229148864,0.981774628162384,0.8298351764678955,0.7091609239578247,0.7132083177566528,0.9920612573623656,0.9857696294784546,0.8046399354934692,0.6731360554695129,0.6762548089027405,0.9931953549385072,0.98303884267807,0.8086493611335754,0.01949285289883126,0.6790680289268494,0.02760906347317285,0.6829830408096313,0.0274858836199146,0.9915887117385864,0.0018878066509846478,0.9835277001063029,0.002041872931331731,0.8365777730941772,0.719066321849823,0.7259645462036133,0.9869577288627625,0.986710250377655,0.7691118121147156,0.6248429417610168,0.6300452351570129,0.9869577288627625,0.9793270230293274,0.7923973202705383,0.6561738848686218,0.6592620611190796,0.9929118156433104,0.981693685054779,0.799362301826477,0.0342680200591818,0.6666943828264872,0.0479846016634607,0.6717572808265686,0.04916529715731852,0.9889424244562784,0.0034375936055277712,0.9825769861539205,0.0037700367561976957,0.8356685042381287,0.7177238464355469,0.7188968062400818,0.9977318048477172,0.9860831499099731,0.8387635946273804,0.7223021388053894,0.7242374420166016,0.9963141679763794,0.9864674806594848,0.8071997165679932,0.6767266392707825,0.6805447340011597,0.9917777180671692,0.9833928346633912,0.8272106051445007,0.017398897733634174,0.7055842081705729,0.02509600869382528,0.7078929940859476,0.02383434695713871,0.995274563630422,0.0031102042126963814,0.9853144884109497,0.0016752588980167241,0.034235146604938274,14198,414720,small
cjyzk8qieoboa0848ogj51wwm,0.8401892781257629,0.7244192957878113,0.9959025382995604,0.7265849113464355,0.9973095655441284,0.794440746307373,0.6589810848236084,0.9964544773101808,0.6605298519134521,0.9978847503662108,0.8746866583824158,0.77728271484375,0.994796872138977,0.7804556488990784,0.996326208114624,0.8364388942718506,0.04025420022156243,0.7202276984850565,0.059262096084402575,0.9957179625829061,0.0008440763426871895,0.7225234707196554,0.06006596932234636,0.9971735080083212,0.0007881289407722491,0.8607067465782166,0.7554742097854614,0.9751037359237672,0.770332932472229,0.9822989106178284,0.831750750541687,0.711963415145874,0.9869490265846252,0.7187300324440002,0.991446316242218,0.8875459432601929,0.7978270649909973,0.9793724417686462,0.8114627599716187,0.9846182465553284,0.8600011467933655,0.027904287948558888,0.755088229974111,0.04293312621382891,0.9804750680923462,0.005999130463437165,0.7668419082959493,0.04646482676205095,0.9861211578051249,0.004755293269910134,0.8426234722137451,0.7280461192131042,0.9796191453933716,0.7392433881759644,0.98615825176239,0.910842776298523,0.8362821936607361,0.9650701284408568,0.8623853325843811,0.9719083309173584,0.8487552404403687,0.737250030040741,0.9823272824287416,0.7471600770950317,0.9879024028778076,0.8674071629842123,0.03774107872582608,0.7671927809715271,0.060009900874236126,0.97567218542099,0.009280959579056385,0.7829295992851257,0.06892444164773567,0.9819896618525187,0.008774134763412166,0.971100091934204,0.9438236355781556,0.9830175638198853,0.9594680666923524,0.9850820899009703,0.9721700549125672,0.94584721326828,0.9674561023712158,0.9769302010536194,0.9704239964485168,0.9790300130844116,0.9589213728904724,0.9706579446792604,0.9875476956367492,0.9731329679489136,0.9741000533103943,0.004302857506801588,0.9495307405789694,0.008195224101534759,0.9737105369567871,0.00821757326187107,0.974648654460907,0.014178169189101572,0.9762130180994669,0.007799356230655055,0.4736376350308642,196427,414720,large
cjyzkmjy8evns070165gf9dmq,0.913214147090912,0.8402889966964722,0.9408195614814758,0.8871825933456421,0.993985116481781,0.9142221808433532,0.8419974446296692,0.9674997329711914,0.8665060997009277,0.9968627095222472,0.9043636918067932,0.8254232406616211,0.9705442190170288,0.8466325402259827,0.9972305297851562,0.9106000065803528,0.005424274096844957,0.8359032273292542,0.009116045688808073,0.9596211711565653,0.016353672939179123,0.8667737444241842,0.02027635142907164,0.9960261185963949,0.001777101617900666,0.8799164891242981,0.7855811715126038,0.9718480706214904,0.8038743138313293,0.997490167617798,0.9063981175422668,0.8288190960884094,0.9779198169708252,0.8446251153945923,0.9979445338249208,0.885262131690979,0.7941437363624573,0.9781420826911926,0.8084914088249207,0.998052716255188,0.8905255794525146,0.014003466451941586,0.8028480013211569,0.02289547339015288,0.9759699900945028,0.003571416472369401,0.8189969460169474,0.022314383047306093,0.9978291392326355,0.0002984998765558256,0.9152178764343262,0.8436881899833679,0.983281433582306,0.855967104434967,0.998431384563446,0.86550372838974,0.7628968954086304,0.9973808526992798,0.7644283771514893,0.9997836351394652,0.8601711988449097,0.7546494007110596,0.9880208373069764,0.7616179585456848,0.9990047216415404,0.8802976012229919,0.030359153207280255,0.7870781620343527,0.0491988489752335,0.9895610411961874,0.0071747875142248495,0.794004480044047,0.05367960254363513,0.9990732471148173,0.0006787246941521331,0.9618907570838928,0.9265795350074768,0.970089852809906,0.9538291692733764,0.9968302845954896,0.9250629544258118,0.8605740666389465,0.9918447136878968,0.8667067885398865,0.9992319345474244,0.9431180953979492,0.8923590779304504,0.9764642715454102,0.911974310874939,0.9976308345794678,0.9433572689692179,0.018415066254388972,0.8931708931922913,0.03301022185099308,0.9794662793477377,0.011183806645731608,0.9108367562294006,0.043572328708671074,0.9978976845741272,0.0012228602997253835,0.09722222222222222,40320,414720,medium
cjyzkpsbjdsjq07211dfi4sru,0.9452568292617798,0.8961962461471558,0.8984319567680359,0.9972310066223145,0.9971463680267334,0.9360430240631104,0.8797752857208252,0.9429947733879088,0.9291930198669434,0.9985781908035278,0.9594152569770812,0.921996295452118,0.9337326884269714,0.9865506291389464,0.9982277154922484,0.9469050367673238,0.01177296729088398,0.8993226091066996,0.02128342135791582,0.9250531395276388,0.023515145823405748,0.9709915518760681,0.03659037543378281,0.9979840914408366,0.0007463535521832677,0.9313063025474548,0.8714436292648315,0.8860714435577393,0.9814082384109496,0.9968059062957764,0.8662729859352112,0.7640931606292725,0.7721362113952637,0.9865506291389464,0.9926305413246156,0.918056845664978,0.8485259413719177,0.8554834127426147,0.99050635099411,0.9957645535469056,0.9052120447158813,0.03436676811926774,0.8280209104220072,0.05653647494990406,0.8378970225652059,0.05896838238906804,0.986155072848002,0.004561936181978512,0.9950670003890991,0.0021733277402576456,0.8729378581047058,0.7745250463485718,0.7845425605773926,0.983781635761261,0.9931612610816956,0.9186351895332336,0.8495145440101624,0.8731290102005005,0.9691455960273744,0.9964354634284972,0.9111913442611694,0.836870014667511,0.8379814028739929,0.9984177350997924,0.995113730430603,0.9009214639663696,0.024518653223093583,0.820303201675415,0.04014599182260583,0.8318843245506287,0.04460684406307834,0.983781655629476,0.014636069536219109,0.9949034849802653,0.001647195378208411,0.9350214004516602,0.8779720067977905,0.8832219243049622,0.9932753443717957,0.9966757297515868,0.9465909004211426,0.8985975980758667,0.9080668687820436,0.9885284900665284,0.9974667429924012,0.9236430525779724,0.8581196665763855,0.8634330630302429,0.9928797483444214,0.9960249066352844,0.935085117816925,0.01147405660981763,0.8782297571500143,0.020240196665354482,0.8849072853724161,0.022364581047230363,0.9915611942609152,0.0026338365746960664,0.9967224597930908,0.0007220531786234265,0.024580439814814815,10194,414720,small
cjyzl833ndne80838pzuq6ila,0.974601149559021,0.9504604935646056,0.9670594930648804,0.9822613000869752,0.9947589635849,0.9589181542396544,0.9210785031318665,0.9722798466682434,0.9459186792373656,0.9957755208015442,0.9711255431175232,0.943871796131134,0.9783388376235962,0.9640178680419922,0.996656596660614,0.9682149489720663,0.00823667130924227,0.9384702642758688,0.015417773841737929,0.97255939245224,0.005644866057097435,0.964065949122111,0.018171358132988258,0.9957303603490194,0.0009496222524589062,0.9705565571784972,0.9427973628044128,0.966599941253662,0.97454571723938,0.9947250485420228,0.9682923555374146,0.93853360414505,0.9548513889312744,0.9821171164512634,0.9927257895469666,0.967136800289154,0.9363648891448976,0.9532179832458496,0.981468141078949,0.992454707622528,0.968661904335022,0.0017395715078467697,0.9392319520314535,0.0032726054869052813,0.9582231044769287,0.007300380080606659,0.9793769915898641,0.004196570164515556,0.9933018485705057,0.001239957649129157,0.973436176776886,0.9482470750808716,0.9640735387802124,0.9829823970794678,0.9942619800567628,0.962522268295288,0.9277521967887878,0.9512040615081788,0.9741130471229552,0.9921723008155824,0.9691388607025146,0.9401255249977112,0.9558843970298768,0.982766091823578,0.992895245552063,0.9683657685915629,0.005497872601760263,0.9387082656224569,0.010320682010138237,0.9570539991060892,0.006513972526527704,0.9799538453420004,0.005059435726208192,0.9931098421414694,0.0010612391836403987,0.9717388153076172,0.9450311064720154,0.9690906405448914,0.9744014739990234,0.9951317310333252,0.9695210456848145,0.9408450722694396,0.9757522344589232,0.9633688926696776,0.9962499141693116,0.9690195322036744,0.9399009943008424,0.9659644365310668,0.9720940589904784,0.9946346879005432,0.9700931310653687,0.0014470958544028991,0.9419257243474325,0.0027304522349707984,0.9702691038449606,0.00499918282135641,0.9699548085530599,0.005819085583032282,0.9953387777010599,0.0008272788023362854,0.13537808641975307,56144,414720,medium
cjyzlw7f9faqr070129au64sq,0.9157533645629884,0.8445987701416016,0.8466825485229492,0.9970945119857788,0.981242537498474,0.9151164293289183,0.8435158133506775,0.8486783504486084,0.9928401112556458,0.981609046459198,0.928647518157959,0.8667991757392883,0.8703384399414062,0.9953305125236512,0.9845951795578004,0.919839104016622,0.007634955231504649,0.8516379197438558,0.013141193300915689,0.8552331129709879,0.013119603023493165,0.9950883785883585,0.002137510941516884,0.9824822545051575,0.0018390001123266282,0.9287732839584352,0.8670184016227722,0.8753788471221924,0.9891045093536376,0.9853713512420654,0.9020540118217468,0.8215832114219666,0.8324703574180603,0.9843312501907348,0.9794206619262696,0.9204473495483398,0.8526191711425781,0.8693726658821106,0.9778977036476136,0.9847353100776672,0.9170915484428406,0.013672085673859528,0.8470735947291056,0.023219694021758632,0.8590739568074545,0.023234288855605335,0.9837778210639954,0.005623863119056633,0.9831757744153341,0.0032675356837910995,0.9368349313735962,0.8811753988265991,0.8845055103302002,0.9957455396652222,0.9864924550056458,0.9367901086807252,0.8810961246490479,0.8937152624130249,0.9842274785041808,0.9878399968147278,0.9347075819969176,0.8774187564849854,0.8906117677688599,0.9833973050117492,0.9874519109725952,0.9361108740170797,0.0012154931669231767,0.8798967599868774,0.0021463800025505043,0.8896108468373617,0.004685751315435652,0.9877901077270508,0.0069020989560453945,0.9872614542643229,0.0006936660220166892,0.9331651926040648,0.8747044801712036,0.8760586380958557,0.9982359409332277,0.985328197479248,0.936825156211853,0.8811581134796143,0.8852262496948242,0.9948116540908812,0.9866002798080444,0.9350318312644958,0.8779904246330261,0.8857328295707703,0.9901421666145324,0.986729621887207,0.9350073933601379,0.0018301041803571061,0.8779510060946146,0.003226997224314688,0.8823392391204834,0.0054450544272389165,0.9943965872128805,0.004062819964680058,0.9862193663914999,0.0007744797389109384,0.09407069830246914,39013,414720,medium
cjyztzaqtrv430848l8xgcerw,0.9120569825172424,0.8383315801620483,0.91176176071167,0.9123523831367492,0.9784771203994752,0.9179227948188782,0.8482969403266907,0.9225426316261292,0.9133489727973938,0.9813071489334106,0.9222214221954346,0.8556686639785767,0.9189590215682985,0.9255070090293884,0.980104684829712,0.9174003998438517,0.005102316226514321,0.8474323948224386,0.00870081593944062,0.9177544713020325,0.005490446286644519,0.9170694549878439,0.007324106525093391,0.9799629847208658,0.001420325514224619,0.9402747750282288,0.8872816562652588,0.8975718021392822,0.9872440099716188,0.9725376963615416,0.9448471069335938,0.8954599499702454,0.9114229083061218,0.9808161854743958,0.9767645001411438,0.9444061517715454,0.8946681022644043,0.9028812646865844,0.989934742450714,0.9740437865257264,0.9431760112444559,0.002522199248769924,0.8924699028333029,0.004510563438798628,0.9039586583773295,0.006988123380773162,0.9859983126322428,0.004685172539895061,0.9744486610094706,0.0021422908435842986,0.9360468983650208,0.8797821402549744,0.8876429796218872,0.9900344014167786,0.9694525599479676,0.9381905198097228,0.8835770487785339,0.8863576054573059,0.9964622259140016,0.9688574075698853,0.9439045190811156,0.8937681317329407,0.8962504863739014,0.9969106316566468,0.9718696475028992,0.9393806457519531,0.004061754626793435,0.8857091069221497,0.007232651197953289,0.8900836904843649,0.005379133326396255,0.9944690863291422,0.0038470884616121585,0.970059871673584,0.0015953112557003666,0.9576250910758972,0.9186954498291016,0.9216164946556092,0.996561884880066,0.9793394804000854,0.9499203562736512,0.9046174883842468,0.9081530570983888,0.995714783668518,0.975452721118927,0.9555423259735109,0.9148693084716796,0.9168803691864014,0.997608244419098,0.9779548645019532,0.9543625911076864,0.003985544549803255,0.912727415561676,0.007279287639539108,0.9155499736467997,0.006829604815297691,0.9966283043225607,0.0009484761780101654,0.9775823553403219,0.001969973790191711,0.1960961612654321,81325,414720,large
cjyzu3reghjya0794w7pwoi50,0.9150501489639282,0.8434032201766968,0.8906932473182678,0.9407767057418824,0.9841514825820924,0.9058865904808044,0.8279641270637512,0.9010645747184752,0.9107605218887328,0.9862727522850036,0.907328724861145,0.8303766250610352,0.8912212252616882,0.9240291118621826,0.9845179915428162,0.9094218214352926,0.004927320871420754,0.8339146574338278,0.008305399077753389,0.8943263490994772,0.0058414427624155245,0.9251887798309326,0.015041657010609862,0.9849807421366373,0.0011338209171573813,0.916409432888031,0.8457155823707581,0.9082889556884766,0.9246763586997986,0.9871834516525269,0.9246267080307008,0.8598192930221558,0.910309672355652,0.9394012689590454,0.9872945547103882,0.9181624054908752,0.8487063646316528,0.8814290761947632,0.958090603351593,0.9823078513145448,0.9197328488032023,0.004327888843363401,0.8514137466748556,0.00743142662484665,0.9000092347462972,0.016122578665100633,0.9407227436701456,0.01674627295763303,0.9855952858924866,0.0028475437750019174,0.9391331672668456,0.8852507472038269,0.9129803776741028,0.966828465461731,0.987350046634674,0.924110472202301,0.8589268922805786,0.8933021426200867,0.9571197628974916,0.9843069911003112,0.9341358542442322,0.8764117956161499,0.8877149224281311,0.9856796264648438,0.9828853607177734,0.932459831237793,0.007650302712256434,0.8735298117001852,0.013396481178800854,0.8979991475741068,0.013271480657790866,0.9698759516080221,0.014521770918359784,0.9848474661509196,0.002280885802575404,0.937657356262207,0.882631778717041,0.8872202038764954,0.9941747784614564,0.9826521277427672,0.9281045794487,0.8658536672592163,0.8662179112434387,0.9995145797729492,0.978809416294098,0.9104571342468262,0.8356322050094604,0.8356887102127075,0.9999191164970398,0.9730119705200196,0.9254063566525778,0.013799395788027736,0.8613725503285726,0.02381806643880126,0.8630422751108805,0.025912105442052726,0.9978694915771484,0.0032061021889101893,0.9781578381856283,0.00485299632633292,0.12073688271604938,50072,414720,medium
cjyzu9th0qt4r0a46pyl4zik0,0.0728259310126304,0.0377889759838581,1.0,0.0377889759838581,1.0,0.4416753053665161,0.2834295928478241,0.9973945021629332,0.2836396098136902,0.999947726726532,0.8500832915306091,0.7392563819885254,0.7994778156280518,0.9075281620025636,0.9839417934417723,0.4548615093032519,0.3887964224379382,0.3534916502734025,0.35594332321278055,0.932290772596995,0.11502677213966546,0.4096522492667039,0.4483536014136125,0.9946298400561014,0.009256156785963247,0.7918257117271423,0.6553903222084045,0.6557728052139282,0.9991108179092408,0.963001310825348,0.8298403024673462,0.7091683745384216,0.7609689831733704,0.9124184846878052,0.9797808527946472,0.8041857481002808,0.6725005507469177,0.6966670155525208,0.9509484171867372,0.9707899689674376,0.8086172540982565,0.019390873145474108,0.6790197491645813,0.02747534693337219,0.7044696013132731,0.05303036132946934,0.9541592399279276,0.04343526443859435,0.9711907108624777,0.008396946035595236,0.75480717420578,0.6061769127845764,0.6125577092170715,0.9831060767173768,0.9561326503753662,0.7393301725387573,0.5864582657814026,0.5900856852531433,0.9896265268325806,0.9515012502670288,0.8639945387840271,0.7605549097061157,0.8034917712211609,0.9343509078025818,0.9838790893554688,0.7860439618428549,0.06794927320616809,0.6510633627573649,0.09533365302888493,0.6687117218971252,0.11726250141072786,0.9690278371175131,0.03020755100071454,0.9638376633326212,0.017510183737266392,0.8633571863174438,0.7595677375793457,0.7595677375793457,1.0,0.9776690602302552,0.8952292203903198,0.810330331325531,0.8105250597000122,0.999703586101532,0.9835131764411926,0.8597820997238159,0.7540507316589355,0.7540507316589355,1.0,0.9769895076751708,0.8727895021438599,0.019515404870854347,0.7746496001879374,0.031023302040021315,0.7747145096460978,0.031135284806058722,0.9999011953671774,0.00017113464407205635,0.9793905814488729,0.0035864034940041698,0.06599151234567902,27368,414720,small
cjyzufihqquiw0a46jatrbwln,0.9321460127830504,0.8729152679443359,0.9750969409942628,0.8928192853927612,0.9850403666496276,0.8221030831336975,0.6979414820671082,0.9933649897575378,0.7012103199958801,0.9969272017478944,0.8203219175338745,0.695377767086029,0.9947649240493774,0.6979318261146545,0.9975903034210204,0.8581903378168741,0.06405368476911014,0.7554115056991577,0.10176931642177116,0.987742284933726,0.010973536190119234,0.763987143834432,0.1115839489102772,0.9931859572728475,0.007062075538256538,0.95836740732193,0.920062780380249,0.9228557348251344,0.9967214465141296,0.945336639881134,0.9631106853485109,0.9288461804389954,0.9618202447891236,0.9644045829772948,0.9748839735984802,0.9596314430236816,0.922395646572113,0.927959680557251,0.9935415387153624,0.9493959546089172,0.9603698452313741,0.0024563387336857673,0.9237682024637858,0.0045497210249443336,0.9375452200571696,0.021177114647936122,0.9848891894022623,0.017811296378745973,0.9565388560295105,0.01601646068828225,0.9547764658927916,0.9134663343429564,0.91520094871521,0.9979293346405028,0.939336597919464,0.9519200325012208,0.9082513451576232,0.909250020980835,0.9987921118736268,0.9345980286598206,0.952272355556488,0.9088930487632751,0.9099954962730408,0.9986688494682312,0.9351963996887208,0.9529896179835001,0.0015574504717719572,0.9102035760879517,0.0028437896287046944,0.9114821553230286,0.003242067484356448,0.9984634319941202,0.0004666298238452618,0.9363770087560018,0.002580482122476146,0.956599771976471,0.9168100357055664,0.918181836605072,0.9983730912208556,0.9416331052780152,0.9626337885856628,0.9279595017433168,0.9291513562202454,0.998619556427002,0.9500428438186646,0.95490700006485,0.9137052297592164,0.9146539568901062,0.998866081237793,0.9388514161109924,0.9580468535423279,0.004061569771039728,0.9194915890693665,0.0074959398197529436,0.9206623832384745,0.007560322779798705,0.9986195762952169,0.00024649500906922194,0.9435091217358907,0.005826799451386464,0.39696903935185185,164631,414720,large
cjyzuio1qgh040763k56deohv,0.9431314468383788,0.8923829197883606,0.8930069804191589,0.9992175102233888,0.9984869956970216,0.9379361271858216,0.8831258416175842,0.8837370276451111,0.9992175102233888,0.9983386397361756,0.6926829218864441,0.5298507213592529,0.5298507213592529,1.0,0.9887858033180236,0.8579168319702148,0.14312033963679582,0.7684531609217325,0.20668760605788639,0.768864909807841,0.20704424579280425,0.9994783401489258,0.00045177068316461634,0.9952038129170736,0.005558654314031717,0.8875698447227478,0.7978656888008118,0.8013871312141418,0.9945226907730104,0.9968849420547484,0.8785241842269897,0.7833643555641174,0.7912225723266602,0.9874804615974426,0.9967069625854492,0.8843061923980713,0.7926065325737,0.7991155982017517,0.9898278713226318,0.9968552589416504,0.8834667404492696,0.004580884535970065,0.7912788589795431,0.007341267212810067,0.7972417672475179,0.00533507227486698,0.9906103412310282,0.0035857275842517394,0.9968157211939493,9.534987148895579e-05,0.8531986474990845,0.7439811825752258,0.7488179802894592,0.9913927912712096,0.9957971572875975,0.9149012565612792,0.84315025806427,0.8453881740570068,0.9968701004981996,0.9976958632469176,0.8844290375709534,0.792803943157196,0.792803943157196,1.0,0.9966970682144164,0.8841763138771057,0.030852080857206088,0.7933117945988973,0.04958648826195564,0.7956700325012207,0.04834885140488212,0.9960876305898031,0.004356627697359613,0.9967300295829772,0.0009497820375498978,0.8921465873718262,0.8052930235862732,0.8052930235862732,1.0,0.9969443082809448,0.9067044854164124,0.8293315768241882,0.8293315768241882,1.0,0.9973992109298706,0.8780487775802612,0.782608687877655,0.782608687877655,1.0,0.996489405632019,0.8922999501228333,0.014328469492508981,0.8057444294293722,0.02336471513423407,0.8057444294293722,0.02336471513423407,1.0,0.0,0.9969443082809448,0.00045490264892578125,0.012497588734567902,5183,414720,small
cjyzul1qggwwj07216mhiv5sy,0.8847978711128235,0.7933968901634216,0.7940725684165955,0.9989286661148072,0.987629532814026,0.9336270093917848,0.8755163550376892,0.8761743903160095,0.9991429448127748,0.9932571649551392,0.8843201994895935,0.792629063129425,0.792629063129425,1.0,0.9875068068504332,0.9009150266647339,0.028330414804518214,0.8205141027768453,0.04763489482420074,0.82095867395401,0.047823659697947704,0.9993572036425272,0.0005668943534608173,0.9894645015398661,0.003285116017996596,0.9025333523750304,0.8223788738250732,0.8223788738250732,1.0,0.9896861910820008,0.9062743782997132,0.8286121487617493,0.8309808969497681,0.9965716600418092,0.9903205633163452,0.9070038795471193,0.8298326730728149,0.8305718898773193,0.9989286661148072,0.990269422531128,0.905270536740621,0.0023983695932688906,0.8269412318865458,0.003997968635355764,0.8279772202173868,0.0048526212960189495,0.9985001087188721,0.0017538884794763715,0.9900920589764913,0.0003524207794835386,0.9081533551216124,0.8317590355873108,0.8317590355873108,1.0,0.9903410077095032,0.9281019568443298,0.8658491373062134,0.8669767379760742,0.998500108718872,0.9926841259002686,0.9040697813034058,0.8249337077140808,0.8252255320549011,0.9995714426040648,0.9898908138275146,0.9134416977564493,0.012859288128626042,0.8408472935358683,0.021919521415437626,0.8413204352060953,0.022457873251281395,0.9993571837743124,0.0007725597701124383,0.9909719824790955,0.0014997482968300744,0.9220882058143616,0.8554393649101257,0.8560675382614136,0.9991429448127748,0.9919781684875488,0.9259074926376344,0.8620370626449585,0.8639569282531738,0.9974287748336792,0.9924999475479126,0.9014683365821838,0.8206120133399963,0.8207563757896423,0.9997857213020324,0.9895736575126648,0.9164880116780599,0.013146852016694598,0.8460294802983602,0.02225799011107456,0.8469269474347433,0.023005102342394425,0.9987858136494955,0.0012183826018577015,0.9913505911827087,0.001560827760440084,0.045657454912935325,93974,2058240,small
cjyzurzvohqnr0794es1itzek,0.9620692133903505,0.9269106984138488,0.9327359795570374,0.9933072924613952,0.9876186847686768,0.9631006717681884,0.9288275837898254,0.9328655004501344,0.9953614473342896,0.9876186847686768,0.95078843832016,0.9061933159828186,0.9121514558792114,0.9928433895111084,0.983472466468811,0.9586527744928995,0.006830213333029818,0.9206438660621643,0.01255119160011973,0.9259176452954611,0.011922045638164814,0.9938373764355978,0.0013401102809100177,0.9862366120020548,0.0023938202515464274,0.9595099687576294,0.9221712946891784,0.9342707991600036,0.9861506819725036,0.9880080819129944,0.9564967155456544,0.916620671749115,0.9251919984817504,0.9899940490722656,0.986164093017578,0.9667375683784484,0.935616672039032,0.9411358833312988,0.9937711358070374,0.9892565608024596,0.9609147508939108,0.005262967444659658,0.9248028794924418,0.009767596208187911,0.9335328936576843,0.007997514890369381,0.9899719556172689,0.0038102749574841057,0.9878095785776774,0.0015557608848186181,0.9568512439727784,0.9172720909118652,0.9210397005081176,0.9955602884292604,0.985247790813446,0.9598844647407532,0.9228633046150208,0.9306739568710328,0.99098801612854,0.987240731716156,0.9674512147903442,0.9369544982910156,0.9470643997192384,0.988735020160675,0.9904477000236512,0.9613956411679586,0.005459174477786704,0.9256966312726339,0.010142489586943844,0.9329260190327963,0.013157700416207355,0.9917611082394918,0.003477689648825971,0.9876454075177511,0.0026234682820441453,0.9715785980224608,0.9447280764579772,0.950780153274536,0.9933072924613952,0.9911120533943176,0.974507749080658,0.9502829313278198,0.9590631723403932,0.9904578924179076,0.9926926493644714,0.9740200638771056,0.9493558406829834,0.9573760032653807,0.9912530779838562,0.9923719167709352,0.9733688036600748,0.0015694223087332501,0.9481222828229269,0.0029757943312390023,0.9557397762934366,0.004377217179798862,0.9916727542877197,0.0014703286374056234,0.9920588731765747,0.0008355047122513349,0.14736207561728396,61114,414720,medium
cjz14qsk2wci60794un9ozwmw,0.971133828163147,0.9438874125480652,0.9449223875999452,0.9988409280776978,0.9928386807441713,0.9751109480857848,0.9514307379722596,0.9523202180862428,0.9990192651748656,0.9938476085662842,0.9705219268798828,0.942732036113739,0.9444819688796996,0.9980385303497314,0.9927838444709778,0.9722555677096049,0.002491686901402381,0.9460167288780212,0.004724123678590642,0.9472415248552958,0.004403786536928798,0.9986329078674316,0.000522412198572273,0.9931567112604777,0.0005989624943119445,0.9696441888809204,0.9410769939422609,0.947807550430298,0.9925106763839722,0.9932773113250732,0.965900719165802,0.9340502619743348,0.9418043494224548,0.9912624955177308,0.9924657940864564,0.9640821814537048,0.9306551218032836,0.9345496892929076,0.9955421090126038,0.9914239048957824,0.9665423631668091,0.002835976361523768,0.9352607925732931,0.00531534504698974,0.9413871963818868,0.0066387674292012035,0.9931050936381022,0.0022008570649590803,0.9923890034357706,0.0009290863528535704,0.9663457274436952,0.9348829388618468,0.9408039450645448,0.9933131337165833,0.9923122525215148,0.9712117314338684,0.9440345764160156,0.9507258534431458,0.9925998449325562,0.9936721324920654,0.9696758985519408,0.9411367774009703,0.9456024169921876,0.9950071573257446,0.9929593205451964,0.9690777858098348,0.0024875294666189627,0.940018097559611,0.004677253566070177,0.9457107384999593,0.004961841052484699,0.9936400453249613,0.0012365037967466865,0.9929812351862589,0.0006802048016560014,0.9751763939857484,0.95155531167984,0.9531755447387696,0.9982168078422546,0.9939682483673096,0.9754398465156556,0.952057123184204,0.953353762626648,0.9985734820365906,0.9939901828765868,0.9748455286026,0.9509254693984984,0.952219009399414,0.9985734820365906,0.9938366413116456,0.975153923034668,0.0002977954888451915,0.9515126347541808,0.0005670326821826272,0.9529161055882772,0.0006102439891434252,0.9984545906384786,0.00020592594211284643,0.9939316908518473,8.304271186399133e-05,0.10939911265432099,45370,414720,medium
ck2395w2mb4vu07480otsu6tw,0.6911736726760864,0.5280866026878357,0.5289015173912048,0.9970909953117372,0.8740424513816833,0.7804998159408569,0.6400161385536194,0.6412785053253174,0.9969336986541748,0.9209085702896118,0.8747186064720154,0.7773332595825195,0.791382908821106,0.977671205997467,0.9634482264518738,0.7821306983629862,0.09178333461824154,0.6484786669413248,0.12483863497863393,0.6538543105125427,0.13169181207966016,0.990565299987793,0.011166889917660162,0.9194664160410563,0.04472033106577858,0.7950871586799622,0.6598711013793945,0.933913230895996,0.692192792892456,0.993053138256073,0.8534284234046936,0.7443307042121887,0.9546692371368408,0.7716015577316284,0.994803786277771,0.933401107788086,0.8751190900802612,0.92803293466568,0.9388316869735718,0.9896745085716248,0.8606388966242472,0.0694383202742448,0.7597736318906149,0.10845177348205484,0.9388718008995056,0.013993345371767631,0.8008753458658854,0.12589837974408558,0.9925104777018229,0.0026073420958030156,0.9494934678077698,0.9038434028625488,0.9051318764686584,0.9984275698661804,0.9851585030555724,0.9422363638877868,0.8907816410064697,0.8915315866470337,0.9990565180778505,0.9827611446380616,0.9590922594070436,0.92139995098114,0.926941990852356,0.9935529232025146,0.988893985748291,0.9502740303675333,0.00845501400775327,0.9053416649500529,0.015364043035229615,0.907868484656016,0.017863117022916538,0.9970123370488485,0.003012399721716152,0.9856045444806417,0.003090655227534813,0.9455018639564514,0.8966368436813354,0.896763265132904,0.9998427629470824,0.983675479888916,0.9574123620986938,0.9183039665222168,0.9187021255493164,0.9995282888412476,0.9874555468559264,0.957332730293274,0.9181574583053588,0.920958936214447,0.9966978430747986,0.9878681302070618,0.9534156521161398,0.006853657241460667,0.9110327561696371,0.012467441134512298,0.9121414422988892,0.013365610659669881,0.9986896316210429,0.0017320911351665486,0.9863330523173014,0.002310751969488319,0.12433207947530864,51563,414720,medium
ck2bxiswtxuw80838qkisqjwz,0.5981233716011047,0.4266590774059295,0.9779894948005676,0.4307957291603088,0.9923145771026612,0.4659945368766784,0.3037763237953186,0.9846811294555664,0.305218756198883,0.9962360858917236,0.4599710404872894,0.2986768782138824,0.9683755040168762,0.3016188442707062,0.9921920299530028,0.5080296496550242,0.07808155785946835,0.3430374264717102,0.07246334566546611,0.9770153760910034,0.008196342823598669,0.3458777765432994,0.07356312832507299,0.9935808976491293,0.0023002767015472313,0.4637145102024078,0.3018413782119751,0.9438453912734984,0.3073610365390777,0.9855044484138488,0.4635307788848877,0.3016856908798218,0.9522175192832948,0.3063230216503143,0.9878153204917908,0.462153673171997,0.3005200624465942,0.9532058835029602,0.3050199747085571,0.9881304502487184,0.4631329874197642,0.0008530718587371286,0.30134904384613037,0.0007221268980802228,0.9497562646865845,0.005142765242243159,0.30623467763264967,0.0011730286111911303,0.9871500730514526,0.001433836471443646,0.4615204930305481,0.2999848127365112,0.9433910846710204,0.3054837882518768,0.9854694604873656,0.4617347717285156,0.3001659214496612,0.9629526138305664,0.3036727905273437,0.9907389283180236,0.4623446464538574,0.3006815910339355,0.965149700641632,0.3039819896221161,0.9912991523742676,0.4618666370709737,0.00042760796027940383,0.30027744174003596,0.0003615281182900366,0.957164466381073,0.01197857797954109,0.3043795228004455,0.0009687376633901066,0.989169180393219,0.0032162724207728476,0.4637797474861145,0.3018966317176819,0.9521849751472472,0.3065438866615295,0.9877978563308716,0.4621198177337646,0.3004914224147796,0.9645260572433472,0.303849458694458,0.9911416172981262,0.4640293717384338,0.3021082282066345,0.9500375986099244,0.3069855868816376,0.9872025847434998,0.463309645652771,0.0010379527563775506,0.30149876077969867,0.0008787725556778786,0.955582877000173,0.007819089534254456,0.3057929774125417,0.0016975639978413508,0.9887140194574991,0.002123325345430093,0.44238820760559894,142856,322920,large
ck2bxknhjvs1x0794iogrq49k,0.7322394251823425,0.577584981918335,0.8177607655525208,0.6629121899604797,0.9799218773841858,0.8142157793045044,0.6866474747657776,0.8766001462936401,0.7601208090782166,0.9854572415351868,0.887290358543396,0.7974140644073486,0.8391298055648804,0.9413157105445862,0.9754736423492432,0.8112485210100809,0.0775680440024939,0.6872155070304871,0.10991564207373174,0.8444969058036804,0.02978460181418577,0.7881162365277609,0.14129733910080639,0.9802842537562052,0.005001654791430725,0.9151556491851808,0.8435823917388916,0.8941671252250671,0.9371531009674072,0.9849247932434082,0.9137718081474304,0.8412337899208069,0.891528844833374,0.9371531009674072,0.9845032691955566,0.913869321346283,0.8413990139961243,0.892232358455658,0.9365817904472352,0.984625279903412,0.9142655928929647,0.0007723518359353204,0.8420717318852743,0.0013108755256562373,0.8926427761713663,0.0013661855226591957,0.9369626641273499,0.000329846282612174,0.9846844474474589,0.0002169014279130122,0.9284337162971495,0.8664268255233765,0.9138994216918944,0.9434378147125244,0.9879198670387268,0.8941293954849243,0.8085298538208008,0.8456556797027588,0.9484981894493104,0.976472020149231,0.889350414276123,0.8007479906082153,0.8409338593482971,0.9436826705932616,0.9757398962974548,0.9039711753527323,0.021319512129537265,0.8252348899841309,0.03588482985701439,0.8668296535809835,0.04083192622662016,0.9452062249183655,0.002853552427296987,0.9800439278284708,0.006830579416588325,0.9446949362754822,0.8951866030693054,0.9577287435531616,0.9320111274719238,0.994409203529358,0.9320167303085328,0.8726885318756104,0.9280569553375244,0.9360104203224182,0.9901384115219116,0.9363930225372314,0.8803938031196594,0.93858140707016,0.9342148303985596,0.9916914701461792,0.9377015630404154,0.00643959900315636,0.8827563126881918,0.011433586071534949,0.9414557019869486,0.015043268675055784,0.9340787927309672,0.0020031139536373995,0.9920796950658163,0.0021617018836757825,0.11980187446605357,38143,318384,medium
ck2bxlujamu330725szlc2jdu,0.903911292552948,0.8246697783470154,0.829618513584137,0.9928186535835266,0.9919289946556092,0.9058494567871094,0.8279020190238953,0.830023467540741,0.9969223141670228,0.9919188618659972,0.9236986041069032,0.8582155704498291,0.8606866002082825,0.9966658353805542,0.9936142563819884,0.9111531178156534,0.0109078430435442,0.8369291226069132,0.018505309813002375,0.8401095271110535,0.017821418289891283,0.9954689343770345,0.002298790237343302,0.992487370967865,0.0009759245466630521,0.9344003796577454,0.8768775463104248,0.8861545324325562,0.9882020950317384,0.994974672794342,0.9187775254249572,0.8497580289840698,0.8565410375595093,0.9907668828964232,0.993431568145752,0.915773332118988,0.8446327447891235,0.8468409776687622,0.9969223141670228,0.9928629994392396,0.9229837457338969,0.010000547083449177,0.8570894400278727,0.017327550236745082,0.8631788492202759,0.020480095331182255,0.9919637640317281,0.004481623453714262,0.9937564134597778,0.0010926730747098299,0.9169347882270812,0.8466109037399292,0.8564113974571228,0.9866632223129272,0.9934518337249756,0.9279290437698364,0.8655481338500977,0.8928402066230774,0.9658886790275574,0.995411217212677,0.9255192279815674,0.8613641262054443,0.8655949831008911,0.9943575263023376,0.9938883781433104,0.9234610199928284,0.005778890795691939,0.8578410545984904,0.009948049870309329,0.8716155290603638,0.018945969612294226,0.9823031425476074,0.014726728691690309,0.994250476360321,0.0010286555555874463,0.8377035856246948,0.7207314372062683,0.9067822098731996,0.778404712677002,0.9968324899673462,0.8505872488021851,0.7400190234184265,0.9097282886505128,0.7986662983894348,0.9968629479408264,0.8329365849494934,0.713702917098999,0.9173349738121032,0.7627596855163574,0.9972792267799376,0.8404091397921244,0.009131073382951794,0.7248177925745646,0.0136256408326675,0.9112818241119385,0.005445209914226115,0.779943565527598,0.018002701549381488,0.9969915548960367,0.0002495961871252128,0.03799430941358025,15757,414720,small
ck2bxpfgxu2mk0748gsh7xelu,0.6900997161865234,0.5268337726593018,0.8354140520095825,0.5878477096557617,0.991723358631134,0.6728657484054565,0.5070065259933472,0.8514119386672974,0.5562225580215454,0.9930626749992372,0.66766756772995,0.5011268854141235,0.8413087129592896,0.5534406900405884,0.9925395250320436,0.6768776774406433,0.011741890905300093,0.5116557280222574,0.013469310397651937,0.8427115678787231,0.008090679564907197,0.5658369859059652,0.019112526451473176,0.9924418528874716,0.0006749792362259836,0.6726416945457458,0.5067521333694458,0.8811669945716858,0.5439238548278809,0.9947577714920044,0.6740140318870544,0.5083115696907043,0.8917811512947083,0.5417276620864868,0.9953019022941588,0.6878702044487,0.5242394804954529,0.9109340906143188,0.5525622367858887,0.9961389303207396,0.6781753102938334,0.008424016675561396,0.513101061185201,0.009677615871600759,0.8946274121602377,0.01508628192726154,0.5460712512334188,0.005727607329515318,0.995399534702301,0.0006957362955086133,0.666725754737854,0.5000664591789246,0.8447888493537903,0.5506588816642761,0.992769718170166,0.6653560996055603,0.4985270500183105,0.8537032604217529,0.5450951457023621,0.9933242797851562,0.686200737953186,0.5223025679588318,0.8842955827713013,0.5606149435043335,0.9947577714920044,0.6727608640988668,0.01165940160172748,0.5069653590520223,0.01330469570975914,0.8609292308489481,0.02072091896590484,0.5521229902903239,0.007862807482392658,0.9936172564824423,0.0010258974176215667,0.6718849539756775,0.5058936476707458,0.8878999352455139,0.5404099822044373,0.9951239824295044,0.6774368286132812,0.5122150778770447,0.8830588459968567,0.5494875311851501,0.9947996139526368,0.6838381886482239,0.519569993019104,0.8984747529029846,0.5519765615463257,0.9955425262451172,0.6777199904123942,0.005981646114373446,0.5125595728556315,0.006844677721747978,0.8898111780484518,0.007883665595612039,0.5472913583119711,0.0060880063144444834,0.9951553742090861,0.0003724496629728461,0.06669881213400414,21994,329751,small
ck2bxqz3evvg20794iiyv5v2m,0.2300425171852111,0.1299706399440765,0.38960000872612,0.1632037460803985,0.9755051136016846,0.259708970785141,0.1492330580949783,0.7626565098762512,0.1565013378858566,0.9953343272209167,0.1618588715791702,0.0880557373166084,0.1978376656770706,0.1369526386260986,0.9468046426773072,0.2172034531831741,0.05017261854827674,0.12241981178522106,0.03127982414941484,0.45003139475981396,0.2872177675633762,0.1522192408641179,0.013639370470149549,0.9725480278333029,0.024399607325871805,0.288926362991333,0.1688567698001861,0.895470380783081,0.1722520142793655,0.9980738162994384,0.3962679207324981,0.2470911145210266,0.9344125986099244,0.2514521777629852,0.9983091950416564,0.2852295339107513,0.1663368493318557,0.9130959510803224,0.1690125167369842,0.9984590411186218,0.32347460587819415,0.06306795265363489,0.1940949112176895,0.04591334961879997,0.9143263101577759,0.019500241534733197,0.19757223625977827,0.0466895026571661,0.9982806841532389,0.00019418855114939165,0.274014264345169,0.1587581187486648,0.916719615459442,0.1610813289880752,0.9985981583595276,0.248231753706932,0.1417035460472107,0.9357194900512696,0.1430965214967727,0.9990583062171936,0.2655221819877624,0.15308478474617,0.908023476600647,0.1554959714412689,0.9984911680221558,0.2625894000132878,0.013139078022641212,0.15118214984734848,0.008685023153449623,0.9201541940371195,0.014163846150285202,0.1532246073087056,0.009205033752888895,0.998715877532959,0.00030133832466635186,0.2606107294559479,0.1498288661241531,0.9281805753707886,0.1515862345695495,0.9988763928413392,0.252470463514328,0.1444727778434753,0.9510948657989502,0.1455540657043457,0.9992830157279968,0.2653198540210724,0.1529503166675567,0.9556479454040528,0.1540437936782837,0.9993151426315308,0.2594670156637828,0.006500597666945303,0.14908398687839503,0.0042875750659927565,0.9449744621912638,0.01472102609795937,0.15039469798405963,0.004368488279003041,0.9991581837336222,0.00024456617655131067,0.08724922839506173,36184,414720,medium
ck2bxskgxxzfv08386xkqtqdy,0.9307901859283448,0.8705402612686157,0.9198868870735168,0.941955029964447,0.9937465190887452,0.9409822821617126,0.8885424733161926,0.9389155507087708,0.9430580735206604,0.9953230023384094,0.9369859099388124,0.881442666053772,0.9241083264350892,0.9502274990081788,0.9940513372421264,0.9362527926762899,0.005135445657196057,0.8801751335461935,0.009067794034097102,0.9276369214057922,0.009993034913696727,0.9450802008310953,0.004491679548296003,0.994373619556427,0.0008361963146900265,0.9255706071853638,0.8614531755447388,0.8897227048873901,0.96442848443985,0.9908877611160278,0.9151117205619812,0.8435077667236328,0.87410569190979,0.9601544141769408,0.989458441734314,0.9173774123191832,0.8473659157752991,0.8691092729568481,0.971322238445282,0.9888488054275512,0.9193532466888428,0.005502273933787604,0.8507756193478903,0.009446109425518132,0.8776458899180094,0.010753052842882457,0.9653017123540243,0.00563488863818154,0.9897316694259644,0.0010465778057585026,0.8645105957984924,0.7613550424575806,0.7778022885322571,0.9729766845703124,0.978811740875244,0.9208203554153442,0.8532595038414001,0.8877655267715454,0.956431806087494,0.9907826781272888,0.8842684626579285,0.7925458550453186,0.8248985409736633,0.9528471231460572,0.9845817685127258,0.8898664712905884,0.028569223519644523,0.8023868004480997,0.04673586053961012,0.8301554520924886,0.055169781374417665,0.9607518712679545,0.01073764560580139,0.9847253958384196,0.005986760917191605,0.9401038289070128,0.8869772553443909,0.9086581468582152,0.97380393743515,0.9925378561019896,0.9436516761779784,0.8933148980140686,0.9097773432731628,0.9801461696624756,0.9925904273986816,0.9284184575080872,0.8664001822471619,0.8770230412483215,0.9862126111984252,0.989458441734314,0.9373913208643595,0.007970634395848,0.8822307785352071,0.014071150016201019,0.8984861771265665,0.018596042628737267,0.980054239432017,0.00620484766261851,0.9915289084116617,0.001793269397445527,0.07093049508143848,21992,310050,small
ck2bxw18mmz1k0725litqq2mc,0.5120618343353271,0.3441418707370758,0.9759339094161988,0.3470873832702636,0.9962300062179564,0.5647636651992798,0.3934987485408783,0.9595619440078736,0.4001341462135315,0.9925726056098938,0.5762025713920593,0.4046941995620727,0.9738502502441406,0.4091402590274811,0.9951609373092652,0.5510093569755554,0.03421102576042003,0.3807782729466756,0.0322180695579308,0.9697820345560709,0.008911963700349145,0.38545392950375873,0.03353015686541871,0.9946545163790385,0.001880556146700499,0.2455171644687652,0.1399370580911636,0.9681108593940736,0.1405850797891616,0.9979602694511414,0.2959048748016357,0.173643410205841,0.9493167400360109,0.1752682626247406,0.9958783388137816,0.2598757743835449,0.1493432372808456,0.9580703973770142,0.1503257602453231,0.9971022009849548,0.26709927121798194,0.02595890055520759,0.1543079018592834,0.01739297168404384,0.9584993322690328,0.009404398942381726,0.15539303421974174,0.017888229147973705,0.9969802697499593,0.0010463074186131578,0.2316680252552032,0.131009355187416,0.9444825053215028,0.1320260614156723,0.9965816736221312,0.2367583811283111,0.1342744976282119,0.9380804896354676,0.135475218296051,0.9960612058639526,0.2555275857448578,0.1464784294366836,0.9568911790847778,0.1474514603614807,0.9970740675926208,0.24131799737612403,0.012566313378845898,0.13725409408410383,0.00815362255763114,0.9464847246805826,0.009563847090005326,0.13831758002440134,0.008095986555413113,0.9965723156929016,0.0005064957043053679,0.2493258118629455,0.1424170285463333,0.9628516435623168,0.1432038843631744,0.9975664019584656,0.2335975766181945,0.1322448253631591,0.974894404411316,0.132696732878685,0.9984948039054872,0.3521861135959625,0.2137292921543121,0.979740560054779,0.2146780788898468,0.9980446696281432,0.27836983402570087,0.0644086693945375,0.16279704868793485,0.044400883975307205,0.9724955360094706,0.008696252197318698,0.16352623204390207,0.044609232619411215,0.9980352918306986,0.0004642720119951832,0.30569444444444444,96844,316800,large
ck2da7fwcjfis07218r1rvm95,0.9190452694892884,0.850216269493103,0.8688067197799683,0.9754505157470704,0.9942782521247864,0.8956435918807983,0.8110095858573914,0.8468698859214783,0.950378715991974,0.9933246374130248,0.9429020285606384,0.8919722437858582,0.9456264972686768,0.940193235874176,0.9979000091552734,0.9191969633102417,0.023629583526103465,0.8510660330454508,0.04048801758893186,0.8871010343233744,0.051857772123908435,0.9553408225377401,0.018144856627638383,0.9951676328976949,0.002413867283915239,0.9197956323623656,0.8515015244483948,0.9000250101089478,0.9404544234275818,0.995941996574402,0.9401499032974244,0.8870593905448914,0.8878830075263977,0.9989553689956664,0.99509996175766,0.9205977916717528,0.8528774380683899,0.9161924719810486,0.9250457286834716,0.9967130422592164,0.926847775777181,0.011526960237331577,0.863812784353892,0.02014390252959885,0.9013668298721313,0.014202352081079315,0.9548185070355734,0.03899235702278756,0.9959183335304261,0.0008068005520963719,0.9256298542022704,0.861555814743042,0.8631126880645752,0.9979106783866882,0.9938521385192872,0.967651903629303,0.9373310208320618,0.9407992362976074,0.9960825443267822,0.99756520986557,0.9487540125846864,0.90250426530838,0.9289289116859436,0.9694437384605408,0.9971188306808472,0.9473452568054199,0.021046415470245872,0.9004637002944946,0.03792879372772452,0.9109469453493754,0.041848695070311505,0.987812320391337,0.015933898460406024,0.9961787263552347,0.0020272078859660185,0.9719172716140748,0.945368766784668,0.950561821460724,0.9942543506622314,0.9979913234710692,0.9750834703445436,0.9513784646987916,0.959312617778778,0.991381585597992,0.99836665391922,0.9482437372207642,0.9015812873840332,0.903500497341156,0.9976494908332824,0.9958608746528624,0.9650814930597941,0.014667607844202055,0.9327761729558309,0.027182159252585526,0.937791645526886,0.030017598870858843,0.9944284756978353,0.003137578470040699,0.9974062840143839,0.0013514569202663616,0.03738908179012346,15506,414720,small
cju85nr8elly209872w9n5m0s,0.7676296234130859,0.6228887438774109,0.6331945657730103,0.9745355248451232,0.9633408188819884,0.7228315472602844,0.5659641623497009,0.5738492012023926,0.9762972593307496,0.9529202580451964,0.7681411504745483,0.6235626339912415,0.6274868249893188,0.9900704622268676,0.961832880973816,0.7528674403826395,0.02601310384646184,0.6041385134061178,0.03306167480490506,0.6115101973215739,0.032739999201743974,0.9803010821342468,0.0085062634361412,0.959364652633667,0.005631708035104185,0.9087259769439696,0.8327202796936035,0.998274564743042,0.8339205384254456,0.9999064207077026,0.9094714522361756,0.8339731097221375,0.9984680414199828,0.8350416421890259,0.9999167919158936,0.9158862233161926,0.8448248505592346,0.9986762404441832,0.8457719683647156,0.9999272227287292,0.9113612174987793,0.003936456730175092,0.8371727466583252,0.0066564567416031485,0.9984729488690695,0.00020088281288908403,0.8382447163263956,0.006542848068576243,0.9999168117841085,1.0401024745541575e-05,0.9631417989730836,0.9289040565490724,0.9679715037345886,0.9583600163459778,0.9979408383369446,0.9427438974380492,0.8916892409324646,0.995547652244568,0.895259439945221,0.9997400045394896,0.9503569602966307,0.9054096937179564,0.986556351184845,0.9167200326919556,0.9991888403892516,0.9520808855692545,0.010307644518386968,0.9086676637331644,0.018820106317699814,0.9833585023880005,0.014063451544934437,0.9234464963277181,0.032083557631742844,0.998956561088562,0.0009217998759176292,0.9596606492996216,0.9224496483802797,0.9982696175575256,0.9239269495010376,0.9998959898948668,0.944571018218994,0.8949640393257141,0.9980388879776,0.8965407013893127,0.999885618686676,0.9398999810218812,0.8866144418716431,0.9983792304992676,0.8878923654556274,0.9999064207077026,0.9480438828468323,0.010327952083457357,0.9013427098592123,0.018749828924828776,0.9982292453447977,0.00017372591828559707,0.9027866721153259,0.018811749641224028,0.9998960097630819,1.0401024745541681e-05,0.060998662916685875,19845,325335,small
cju85omszllp30850b6rm9mi3,0.9608739018440248,0.9246941804885864,0.9561265110969543,0.9656686782836914,0.9938247799873352,0.9654872417449952,0.9332772493362428,0.9573031663894652,0.9738124012947084,0.9939471483230592,0.9643539190292358,0.931161642074585,0.961065709590912,0.9676646590232848,0.9945368766784668,0.9635716875394186,0.0024040883590703962,0.9297110239664713,0.004471631400573231,0.9581651290257772,0.002579952544229589,0.9690485795338949,0.004244582795141022,0.994102934996287,0.000380752596900791,0.9643658995628356,0.931183934211731,0.9513673186302184,0.977724552154541,0.9930347800254822,0.964750111103058,0.9319007396697998,0.946874737739563,0.9833133816719056,0.9923115372657776,0.9655388593673706,0.933373749256134,0.948544144630432,0.9831537008285522,0.9925674796104432,0.9648849566777548,0.0005979934552527995,0.9321528077125549,0.0011164569878895074,0.9489287336667379,0.002270848367880491,0.9813972115516663,0.0031816182640918736,0.9926379323005676,0.00036673247541717013,0.9608864784240724,0.9247174859046936,0.936491072177887,0.9865868091583252,0.990675926208496,0.9638092517852784,0.9301465153694152,0.9449900388717652,0.9833931922912598,0.9920222759246826,0.9740542769432068,0.9494208693504332,0.9665880799293518,0.9816367030143738,0.9952712059020996,0.9662500023841858,0.006914888073908343,0.934761623541514,0.012982245799434735,0.9493563969930013,0.015516323060896129,0.9838722348213196,0.0025095814428507737,0.9926564693450928,0.002362371655028073,0.9778487086296082,0.9566575288772584,0.9776536226272584,0.9780439138412476,0.99688458442688,0.9771522283554076,0.9553251266479492,0.9760235548019408,0.9782834053039552,0.9966508746147156,0.9712557792663574,0.9441179037094116,0.9809446334838868,0.961756467819214,0.9973964095115662,0.9754189054171244,0.0036221520817723103,0.952033519744873,0.006887420187618004,0.9782072703043619,0.0025068203288723277,0.9726945956548055,0.009473453406809221,0.9969772895177206,0.00038131515312969677,0.1225134884734863,40464,330282,medium
cju85plp7lmkw0850rx42jdpf,0.7992267608642578,0.6655933856964111,0.8461648225784302,0.7572224736213684,0.9391310214996338,0.8511179685592651,0.7408227920532227,0.9913190603256226,0.745660126209259,0.9971128702163696,0.6523444652557373,0.4840587675571441,0.9363603591918944,0.5005255341529846,0.984958827495575,0.7675630648930868,0.10310028436335887,0.6301583151022593,0.13199876605432756,0.9246147473653158,0.07328647714195036,0.6678027113278707,0.144981593563177,0.9737342397371928,0.030577233735441592,0.6973081827163696,0.5352824926376343,0.9978057146072388,0.535913348197937,0.9994789361953736,0.7330334782600403,0.5785737037658691,0.9991753101348876,0.5788501501083374,0.999788761138916,0.6327828168869019,0.4628253877162933,0.992849349975586,0.4643733203411102,0.9985212087631226,0.6877081592877706,0.05081012806331189,0.5255605280399323,0.05848337895340311,0.9966101249059042,0.0033281404770112485,0.5263789395491282,0.0578309160363256,0.9992629686991373,0.0006607977950309927,0.955399453639984,0.9146074056625366,0.953520119190216,0.9572861790657043,0.9793676733970642,0.8689188361167908,0.7682197093963623,0.9927147626876832,0.7725752592086792,0.9974931478500366,0.5177897214889526,0.3493362069129944,0.9985439777374268,0.3495142459869385,0.9997746348381042,0.7807026704152426,0.23175879343972394,0.6773877739906311,0.2933781048427086,0.9815929532051086,0.024485872339878482,0.6931252280871073,0.31157809814473325,0.9922118186950684,0.011181696966308918,0.965976357460022,0.9341917037963868,0.9753547310829164,0.9567765593528748,0.989310622215271,0.9708291888237,0.9433119893074036,0.979260504245758,0.9625418186187744,0.9909865260124208,0.9622647762298584,0.9272738695144652,0.985865592956543,0.9397674798965454,0.994042694568634,0.9663567741711935,0.004294860699137032,0.9349258542060852,0.008044224899964283,0.9801602760950724,0.005312884938263619,0.9530286192893982,0.01184073127379658,0.9914466142654419,0.0023993515977846496,0.3067873876155502,96908,315880,large
cju85qefyln6v0850szeb9byi,0.8202133178710938,0.6952217221260071,0.9875869750976562,0.7013503313064575,0.9945209622383118,0.6642277836799622,0.4972612559795379,0.9907037615776062,0.4995923638343811,0.9970862865447998,0.8216950297355652,0.6973534226417542,0.991537630558014,0.7015286684036255,0.996278703212738,0.768712043762207,0.09048905636160083,0.6299454669157664,0.1149128404948698,0.9899427890777588,0.0020823614001312676,0.634157121181488,0.11653653243058326,0.9959619839986166,0.0013116613491331852,0.9532811641693116,0.9107328057289124,0.9906852841377258,0.9185987114906312,0.994631826877594,0.9563465118408204,0.9163448214530944,0.9900452494621276,0.924866259098053,0.9942201375961304,0.980751931667328,0.9622308611869812,0.9743280410766602,0.987261176109314,0.9838321208953856,0.96345986922582,0.015053592816917965,0.929769496122996,0.02825205915477856,0.9850195248921713,0.00926462523416316,0.943575382232666,0.037962573387845436,0.9908946951230367,0.006119831538280156,0.9319143295288086,0.8725089430809021,0.9818617701530457,0.8868025541305542,0.9898179173469543,0.9822105169296264,0.9650429487228394,0.9742342829704284,0.990318477153778,0.9837213158607484,0.9557896256446838,0.9153228998184204,0.993051528930664,0.9212229251861572,0.995993673801422,0.9566381573677063,0.02515882790052582,0.9176249305407206,0.0463099347777594,0.983049194018046,0.00946465361005779,0.9327813188234965,0.052717017436917465,0.9898443023363749,0.006136221515049279,0.986884355545044,0.9741082191467284,0.9864823818206788,0.9872866272926332,0.991591453552246,0.9429856538772584,0.8921219706535339,0.9904377460479736,0.8998726010322571,0.9946001768112184,0.9726366996765136,0.9467310309410096,0.9919472336769104,0.9540637135505676,0.9951860904693604,0.967502236366272,0.022395223534103694,0.9376537402470907,0.04174007834507967,0.9896224538485209,0.0028221760186965174,0.947074313958486,0.04412416318476503,0.9937925736109415,0.0019286059313124014,0.38419062779822905,115845,301530,large
cju85rkbnlo1c08503uxcpax1,0.978447675704956,0.9578047394752502,0.9772481322288512,0.9796501398086548,0.9953007102012634,0.9806044697761536,0.9619470238685608,0.9829418063163756,0.9782782793045044,0.9965020418167114,0.9675793647766112,0.9371948838233948,0.958648920059204,0.9766777157783508,0.9913198351860046,0.9755438367525736,0.006981228441922377,0.9523155490557352,0.013257658835561768,0.9729462862014769,0.012704939594834617,0.9782020449638367,0.00148767769022893,0.9943741957346598,0.002712496669759183,0.9759153127670288,0.9529635310173036,0.976697564125061,0.9751343131065368,0.9952064752578736,0.9694950580596924,0.9407960772514344,0.9743648767471312,0.9646735787391664,0.9947707056999208,0.9781904816627502,0.9573119282722472,0.980860948562622,0.9755344986915588,0.9960780143737792,0.9745336174964905,0.004509369055048049,0.950357178846995,0.008560849108714299,0.9773077964782715,0.003290748380183714,0.971780796845754,0.006158282961716684,0.9953517317771912,0.0006656489949587196,0.9779052734375,0.9567657709121704,0.9717236757278442,0.9841660261154176,0.9940993785858154,0.9776644110679626,0.9563047289848328,0.9696390628814696,0.985823690891266,0.9936400055885316,0.976148247718811,0.9534078240394592,0.97676283121109,0.9755344986915588,0.9952182173728944,0.9772393107414246,0.0009525321830524725,0.9554927746454874,0.0018202758546093897,0.972708523273468,0.0036625759131540597,0.9818414052327474,0.005524469722673669,0.9943192005157471,0.0008117446456457693,0.980854630470276,0.9624285697937012,0.9895857572555542,0.972276210784912,0.9978917837142944,0.9821618795394896,0.9649490118026732,0.990352749824524,0.974105417728424,0.9980449080467224,0.9793967008590698,0.9596251845359802,0.9931824803352356,0.9659883379936218,0.9986338019371032,0.9808044036229452,0.0013832734132508506,0.9623342553774515,0.0026631664608563915,0.9910403291384379,0.001894380693701756,0.9707899888356527,0.004257744428348089,0.99819016456604,0.0003917554760922321,0.17109015931840063,56508,330282,large
cju87kbcen2av0987usezo8kn,0.3533510863780975,0.2145879864692688,0.2223187386989593,0.8605507612228394,0.8044595122337341,0.355605274438858,0.2162529826164245,0.2255622893571853,0.8397374153137207,0.812717080116272,0.3317969143390655,0.1988947987556457,0.2121739834547042,0.7606468200683594,0.8165339231491089,0.3469177583853403,0.013143450249350142,0.20991192261377967,0.009577359585063588,0.22001833717028293,0.00698430877964706,0.8203116655349731,0.05270881501607993,0.811236838499705,0.006171805746367337,0.3102515637874603,0.1836081445217132,0.1895589679479599,0.8539865612983704,0.7628283500671387,0.3024433255195617,0.1781639158725738,0.1852907240390777,0.822446346282959,0.765095591545105,0.3051365613937378,0.1800360679626464,0.1853277832269668,0.8631123900413513,0.7535411715507507,0.3059438169002533,0.003966218892303949,0.18060270945231113,0.002765993190408224,0.1867258250713348,0.0024536436712327245,0.8465150992075602,0.021337732730322585,0.7604883710543314,0.006122318326154477,0.3120169043540954,0.1848459839820861,0.190444216132164,0.8627921938896179,0.7617571949958801,0.3067105114459991,0.1811329573392868,0.1860187500715255,0.873358964920044,0.7517523765563965,0.2856613993644714,0.166630670428276,0.1710909754037857,0.8647134304046631,0.727863609790802,0.3014629383881886,0.013939366128426282,0.17753653724988294,0.009625491678896462,0.18251798053582505,0.01014043994012125,0.8669548630714417,0.005628692370536804,0.7471243937810262,0.01741428861424766,0.3143737614154815,0.1865026503801345,0.1916634440422058,0.873839259147644,0.7606027722358704,0.3232305347919464,0.1927698105573654,0.1981815546751022,0.8759205937385559,0.7697963714599609,0.2882907092571258,0.1684226989746093,0.1731742769479751,0.8599103689193726,0.7333028316497803,0.30863166848818463,0.01816388106903948,0.18256505330403638,0.012642150278179196,0.18767309188842773,0.012972400223697538,0.8698900739351908,0.008705106120656596,0.7545673251152039,0.01898063693423067,0.06093924592152731,19088,313230,small
cju87li0zn3yb0817kbwgjiz8,0.3368078470230102,0.202506884932518,0.9557062387466432,0.2044255137443542,0.9836676120758056,0.3711355626583099,0.2278492748737335,1.0,0.2278492748737335,1.0,0.3009058237075805,0.1770977973937988,1.0,0.1770977973937988,1.0,0.3362830777963002,0.03511781022968082,0.20248465240001678,0.025375746044465484,0.9852354129155477,0.02557301498304658,0.2031241953372955,0.02540075173683826,0.9945558706919352,0.009429508564543058,0.8883029818534851,0.7990513443946838,0.967063307762146,0.8214054107666016,0.9517742395401,0.8410526514053345,0.7257038950920105,0.974509060382843,0.7397463321685791,0.9666436314582824,0.896247923374176,0.81200110912323,0.9336153268814088,0.8617566227912903,0.8943714499473572,0.8752011855443319,0.029839107088240804,0.7789187828699747,0.046538073794981816,0.9583958983421326,0.02178112369603973,0.8076361219088236,0.06215965525319704,0.9375964403152466,0.038165095941609016,0.9217199683189392,0.8548057675361633,0.9326025247573853,0.9110884666442872,0.8864978551864624,0.9185563921928406,0.8493798971176147,0.928519606590271,0.908804714679718,0.8793956637382507,0.959722340106964,0.92256361246109,0.9552549123764038,0.9642317295074464,0.9221418499946594,0.9333329002062479,0.022908600070312774,0.8755830923716227,0.04077667186465014,0.93879234790802,0.014402415660110884,0.9280416369438171,0.03136233378723521,0.8960117896397909,0.02290622887892218,0.9664141535758972,0.935011088848114,0.9491028785705566,0.9843687415122986,0.9090014100074768,0.9857404828071594,0.9718819260597228,0.9764283895492554,0.9952319264411926,0.9585838317871094,0.8799242377281189,0.7855935096740723,0.943630874156952,0.824275553226471,0.9151194095611572,0.9440262913703918,0.05634875075151546,0.8974955081939697,0.09864789715818367,0.9563873807589213,0.01757035096622465,0.9346254070599874,0.09572000771786779,0.9275682171185812,0.027033936905021372,0.6329367752776038,159714,252338,large
cju87mrypnb1e0818scv1mxxg,0.9264394640922546,0.8629597425460815,0.9099723100662231,0.9435136318206788,0.9960293769836426,0.9455257654190063,0.8966797590255737,0.911209762096405,0.9825275540351868,0.9959275722503662,0.9350978136062622,0.8781067728996277,0.9004876017570496,0.9724748730659484,0.995428740978241,0.9356876810391744,0.009556813395436726,0.8792487581570944,0.016888989774125316,0.9072232246398926,0.005865942686104185,0.9661720196406046,0.020256258356763333,0.9957952300707499,0.0003214447730565771,0.9179139137268066,0.8482818007469177,0.8973479866981506,0.9394447207450868,0.995428740978241,0.9150094985961914,0.8433340787887573,0.9051522016525269,0.9250837564468384,0.995876669883728,0.9149203896522522,0.8431828022003174,0.8770581483840942,0.9561991095542908,0.9942986369132996,0.9159479339917501,0.0017031712597276542,0.8449328939119974,0.002901224550648255,0.893186112244924,0.014502063869866879,0.9402425289154053,0.01557301104982052,0.9952013492584229,0.0008132203020222766,0.9058586955070496,0.8279174566268921,0.849979043006897,0.9696027040481568,0.9927205443382264,0.906027376651764,0.8281992673873901,0.8587352633476257,0.9588319659233092,0.9932907223701476,0.920366108417511,0.852479875087738,0.8816308379173279,0.9626615643501282,0.9945022463798524,0.9107507268587748,0.008327591802088264,0.8361988663673401,0.014100471199269856,0.8634483814239502,0.016343779910535608,0.9636987447738647,0.005459762573779959,0.9935045043627421,0.0009098860349251521,0.9324324131011964,0.8734177350997925,0.8939393758773804,0.974389672279358,0.9950825572013856,0.9434486031532288,0.8929509520530701,0.912732183933258,0.9763044714927672,0.9960293769836426,0.941685676574707,0.8897976875305176,0.8983050584793091,0.9894686341285706,0.9952352643013,0.9391888976097107,0.005917308485761088,0.8853887915611267,0.010486439523862998,0.9016588727633158,0.009835062854144344,0.9800542593002319,0.008209107994371863,0.9954490661621094,0.0005083309471028135,0.040785396533210616,13294,325950,small
cju87nkyrnb970801q84m47yt,0.6627700924873352,0.4956291019916534,0.8622692823410034,0.5382400155067444,0.9913356900215148,0.8250637650489807,0.7022200226783752,0.9035165905952454,0.7591466903686523,0.9918301701545716,0.7957165241241455,0.6607385873794556,0.9716923236846924,0.6737066507339478,0.9980220198631288,0.7611834605534872,0.08648241669881804,0.6195292373498281,0.10928682457160663,0.9124927322069804,0.055261006441261154,0.6570311188697815,0.1113934233779122,0.993729293346405,0.003725822507988554,0.95491760969162,0.913724720478058,0.928549826145172,0.9828266501426696,0.9923784136772156,0.9019110798835754,0.82134610414505,0.8305647969245911,0.9866666793823242,0.97971510887146,0.9480078220367432,0.9011548161506652,0.9161277413368224,0.9821866750717164,0.9909379482269288,0.9349455038706461,0.028816508592767427,0.8787418802579244,0.050101965634088155,0.8917474548021952,0.05334852637582804,0.9838933348655701,0.002423008848378005,0.9876771569252014,0.006932848771315726,0.9405328631401062,0.8877414464950562,0.8955339193344116,0.9902933239936828,0.988357961177826,0.8858574032783508,0.7951022982597351,0.801207959651947,0.990506649017334,0.975232481956482,0.946631669998169,0.8986710906028748,0.914578378200531,0.9810133576393129,0.9907659292221068,0.9243406454722086,0.03346668206718927,0.860504945119222,0.05690337373346994,0.8704400857289633,0.06070822278928718,0.9872711102167765,0.005420422251263632,0.9847854574521383,0.008360268126144403,0.9738441109657288,0.9490216374397278,0.9649214744567872,0.9829333424568176,0.9963988065719604,0.9605106115341188,0.924021542072296,0.9352263808250428,0.9872000217437744,0.993109405040741,0.9567837119102478,0.9171479940414428,0.932469367980957,0.9824000000953674,0.9928298592567444,0.9637128114700317,0.008969663723085435,0.9300637245178223,0.016773886323658806,0.9442057410875956,0.017993234470855702,0.9841777880986532,0.002630881159023818,0.9941126902898153,0.0019847625054284323,0.09164942178940962,30116,328600,medium
cju87ox0kncom0801b98hqnd2,0.8100272417068481,0.6807107329368591,0.7015351057052612,0.9582147598266602,0.971563756465912,0.8971193432807922,0.8134328126907349,0.8523662090301514,0.9468324184417723,0.9885607361793518,0.7267765998840332,0.5708162188529968,0.5857234597206116,0.9573161602020264,0.9527699947357178,0.8113077282905579,0.08517859056947244,0.6883199214935303,0.1214871504078712,0.7132082581520081,0.1337040979397089,0.9541211128234863,0.006328164794304055,0.9709648291269938,0.017902886044971724,0.7406759858131409,0.5881536602973938,0.6062195897102356,0.9517747759819032,0.9568755626678468,0.9465197324752808,0.8984693288803101,0.9351066946983336,0.9582147598266602,0.995361626148224,0.9704169034957886,0.9425338506698608,0.9937215447425842,0.9481803178787231,0.9995821118354796,0.8858708739280701,0.12630888862912995,0.8097189466158549,0.19314192345571088,0.8450159430503845,0.20887005275491846,0.9527232845624288,0.005084019836421526,0.9839397668838501,0.023533093448232265,0.964255392551422,0.9309779405593872,0.9950605630874634,0.9353002905845642,0.9996761679649352,0.960614025592804,0.9242130517959596,0.9958205819129944,0.9278119206428528,0.9997283816337584,0.9687070846557616,0.9393131732940674,0.9877042770385742,0.9504268169403076,0.99917471408844,0.9645255009333292,0.0040532851062579645,0.9315013885498047,0.007563657558576302,0.992861807346344,0.0044826885136559766,0.9378463427225748,0.011520424026625956,0.9995264212290446,0.000305704107540518,0.9626124501228333,0.927919864654541,0.9983909726142884,0.9293095469474792,0.9998955130577089,0.9587781429290771,0.9208202362060548,0.9993502497673036,0.9213718771934508,0.9999582171440125,0.969376802444458,0.9405734539031982,0.9915426969528198,0.9481803178787231,0.9994359016418456,0.9635891318321228,0.00536640720144203,0.9297711849212646,0.010005895381982143,0.9964279731114706,0.00425787453124039,0.9329539140065511,0.01377077272486468,0.9997632106145223,0.0002851864711128543,0.06512071528045969,22258,341796,small
cju87q6yoneim0871dl4phvkd,0.8976335525512695,0.8142787218093872,0.9901062250137328,0.8209587335586548,0.9971427917480468,0.7124987840652466,0.5533965826034546,0.9794973731040956,0.5598820447921753,0.9959182739257812,0.837395191192627,0.7202750444412231,0.9841723442077636,0.7287161946296692,0.9959182739257812,0.8158425092697144,0.0944304463568081,0.6959834496180216,0.13212658257692447,0.9845919807751974,0.005316860525413381,0.7031856576601664,0.1323975664156281,0.9963264465332031,0.0007069756943124888,0.9181785583496094,0.8487339019775391,0.9761559963226318,0.8667019605636597,0.9926265478134156,0.912380576133728,0.8388785123825073,0.9634689688682556,0.8664373159408569,0.9885579347610474,0.8872579336166382,0.7973617315292358,0.9724650979042052,0.8157795071601868,0.991955041885376,0.9059390226999918,0.016435980848402875,0.8283247152964274,0.027263747886946712,0.9706966876983643,0.006525766039256688,0.8496395945549011,0.029323994406924937,0.9910465081532797,0.00218116441362017,0.9465787410736084,0.8985757231712341,0.9687364101409912,0.9254120588302612,0.9895981550216676,0.950717031955719,0.9060634970664978,0.972558319568634,0.9298352003097534,0.9908621907234192,0.9571765065193176,0.9178701043128968,0.9781390428543092,0.9370936155319214,0.9927055239677428,0.9514907598495483,0.005341081281054832,0.9075031081835429,0.009727417233581446,0.9731445908546448,0.004728653191024895,0.930780291557312,0.005897846203758133,0.9910552899042765,0.0015626582838208691,0.9690191745758056,0.939900279045105,0.9620328545570374,0.976107656955719,0.9865829348564148,0.9645742774009703,0.9315726161003112,0.9610808491706848,0.9680931568145752,0.9863459467887878,0.9690690636634828,0.9399941563606262,0.9605571031570436,0.9777332544326782,0.9860167503356934,0.9675541718800863,0.002580784872914882,0.9371556838353475,0.004835306323087999,0.9612236022949219,0.0007481606709160096,0.9739780227343241,0.005160850410478972,0.9863152106602987,0.00028434092226061624,0.25841730154829196,88326,341796,large
cju87r56lnkyp0755hz30leew,0.9709110260009766,0.9434666037559508,0.9961296916007996,0.9469377398490906,0.998363196849823,0.9414418935775756,0.8893625140190125,0.9949839115142822,0.8933680057525635,0.9979963302612304,0.9421088695526124,0.8905537128448486,0.9986146688461304,0.8916553258895874,0.9994497299194336,0.9514872630437216,0.01682477755581167,0.9077942768732706,0.03089888214125648,0.9965760906537374,0.0018560856086237254,0.9106536904970804,0.03143457485178683,0.998603085676829,0.0007558125618220773,0.9641680121421814,0.930815041065216,0.9876596331596376,0.9417678713798524,0.9947651624679564,0.9697902798652648,0.9413523077964784,0.9915818572044371,0.9489359259605408,0.9964160323143004,0.948388695716858,0.9018434286117554,0.9984920620918274,0.9030733704566956,0.9993932843208312,0.9607823292414347,0.01109522814292884,0.9246702591578165,0.020458656899351602,0.992577850818634,0.005484467303428526,0.9312590559323629,0.024671236307041166,0.9968581597010293,0.00234552455558155,0.970963418483734,0.943565547466278,0.98514723777771,0.9571822881698608,0.9935798645019532,0.9586839079856871,0.9206464290618896,0.9948156476020812,0.9250848293304444,0.9978552460670472,0.9652215242385864,0.9327808022499084,0.997159481048584,0.9352659583091736,0.9988147616386414,0.9649562835693359,0.0061440506978197385,0.9323309262593588,0.011466180201520805,0.9923741221427917,0.006367439204730076,0.9391776919364929,0.01640237668648459,0.9967499574025472,0.0027869848011480873,0.9605116248130798,0.924023449420929,0.9943974614143372,0.9288591742515564,0.9976718425750732,0.9523667693138124,0.9090650677680968,0.9943399429321288,0.9137936234474182,0.9976859092712402,0.9566046595573424,0.9168189764022828,0.9928686022758484,0.9228963851928712,0.9970510005950928,0.9564943512280782,0.004073548050731165,0.9166358311971029,0.00748087241186358,0.9938686688741049,0.0008665604391269961,0.9218497276306152,0.007587115677086241,0.9974695841471354,0.0003625722142080675,0.30805472501585573,74800,242814,large
cju87tyddnnad0755bj0wxahe,0.9875043630599976,0.975317120552063,0.990340292453766,0.9846845865249634,0.992095708847046,0.9039431810379028,0.824722945690155,0.9960936307907104,0.827398955821991,0.9973296523094176,0.9873867034912108,0.975087583065033,0.9875362515449524,0.9872371554374696,0.989745795726776,0.9596114158630371,0.04821014143676876,0.9250425497690836,0.08687940143543367,0.9913233915964762,0.0043625735331603264,0.9331068992614746,0.09155466062231395,0.9930570522944132,0.0038822488436943323,0.9761496186256408,0.9534104466438292,0.9615941643714904,0.99115252494812,0.9674214720726012,0.9755151867866516,0.9522007703781128,0.9767103791236876,0.9743229150772096,0.9808801412582396,0.978032648563385,0.9570096731185912,0.9658307433128356,0.9905468821525574,0.9711599946022034,0.9765658179918925,0.001309320390003783,0.9542069633801779,0.0025014426987855698,0.9680450956026712,0.00779759604982598,0.9853407740592957,0.009546549806647701,0.9731538693110148,0.006947344552268985,0.9818565845489502,0.9643598198890686,0.9690120220184326,0.995046317577362,0.9738125801086426,0.9776962995529176,0.9563657641410828,0.9586122035980223,0.9975556135177612,0.964555323123932,0.9776726961135864,0.9563207030296326,0.9626569747924804,0.9931643009185792,0.9682937860488892,0.9790751934051514,0.00240878429953552,0.959015429019928,0.004628433098528761,0.9634270668029785,0.0052425029397083715,0.9952554106712341,0.002203110648007145,0.9688872297604879,0.004657073469397953,0.9883432984352112,0.9769551753997804,0.984461545944214,0.9922557473182678,0.9871110320091248,0.9854540228843688,0.9713250994682312,0.9788500666618348,0.9921476244926452,0.9823577404022216,0.9840766191482544,0.9686524271965028,0.9750286936759948,0.9932941198349,0.9790642857551576,0.9859579801559448,0.0021775255987283512,0.9723109006881714,0.0042382496346586385,0.9794467687606812,0.004744651254263883,0.9925658305486044,0.0006330296989517672,0.982844352722168,0.004045383168672209,0.45145666160630377,118655,262827,large
cju87vqa0ndwg0850onjdz7ol,0.6800882816314697,0.5152528882026672,0.9969744682312012,0.5160598158836365,0.9967702627182008,0.6391211748123169,0.4696385562419891,0.9987363815307616,0.4699177742004394,0.9987738728523254,0.6760498881340027,0.5106309056282043,0.9950113892555236,0.5119415521621704,0.9947067499160768,0.6650864481925964,0.022577061850351254,0.4985074500242869,0.02510777672136373,0.9969074130058289,0.0018634012356664007,0.4993063807487488,0.02553444086245839,0.9967502951622009,0.0020336349898911186,0.8107559680938721,0.6817405819892883,0.9728593826293944,0.6949580311775208,0.9600167274475098,0.7811810374259949,0.6409327983856201,0.9924476146697998,0.6440742015838623,0.9898920655250548,0.8376532793045044,0.7206569314002991,0.9760205149650574,0.7336465716362,0.9628278613090516,0.8098634282747904,0.028246698854781347,0.6811101039250692,0.03986580581372527,0.9804425040880839,0.01051618749691705,0.6908929347991943,0.04492433778724001,0.9709122180938721,0.016497017147960646,0.8891347646713257,0.8003984689712524,0.9944931864738464,0.8039616346359253,0.9908190965652466,0.8717750906944275,0.7726961970329285,0.9771151542663574,0.7869375348091125,0.961990475654602,0.8385012745857239,0.72191321849823,0.9878461360931396,0.7283827066421509,0.981518566608429,0.8664703766504923,0.02573018796818488,0.7650026281674703,0.03980423202209695,0.9864848256111145,0.008768630196472253,0.7730939586957296,0.0396456433782743,0.9781093796094259,0.014713574103461115,0.9360971450805664,0.8798708915710449,0.997980535030365,0.8814402222633362,0.9963216781616212,0.9342668652534484,0.8766424655914307,0.992707133293152,0.8823248147964478,0.9866323471069336,0.8495880961418152,0.7385077476501465,0.9941113591194152,0.741752564907074,0.9909387230873108,0.90665070215861,0.0494261391890197,0.8316737016042074,0.08070022872151048,0.994933009147644,0.0027310296679415097,0.8351725339889526,0.08090527543635077,0.9912975827852885,0.004854623495592417,0.6733168182435184,198413,294680,large
cju87xn2snfmv0987sc3d9xnq,0.8285554051399231,0.7072937488555908,0.7849148511886597,0.8773344159126282,0.9525914192199708,0.835985541343689,0.7181916832923889,0.8501808643341064,0.8222565054893494,0.971426248550415,0.8875853419303894,0.7978907227516174,0.9313489198684692,0.8477500677108765,0.987677276134491,0.8507087628046671,0.032151412053180006,0.7411253849665324,0.049461287125774335,0.8554815451304117,0.07336080036510668,0.849113663037618,0.02756426306488194,0.9705649813016256,0.017558777714064364,0.9062864780426024,0.8286324143409729,0.9683203101158142,0.8517223000526428,0.9945050477981568,0.9089348316192628,0.8330710530281067,0.9801138043403624,0.8473943471908569,0.9966095089912416,0.8987436890602112,0.8161076903343201,0.913634717464447,0.8843303322792053,0.9835151433944702,0.9046549995740255,0.005287829248359007,0.8259370525677999,0.00879702505318984,0.9540229439735413,0.03547080851797063,0.861148993174235,0.020191920562892946,0.9915432333946228,0.007031703990940835,0.9206729531288148,0.8530064225196838,0.9823193550109864,0.8663069605827332,0.996925175189972,0.8244245052337646,0.7012943625450134,0.7778595685958862,0.8769194483757019,0.9506155252456664,0.9143562316894532,0.8422249555587769,0.9807183146476746,0.8564059734344482,0.996679663658142,0.8864845633506775,0.05383830748214118,0.7988419135411581,0.08465047865467955,0.9136324127515157,0.1175854571796312,0.8665441274642944,0.010258793771133262,0.9814067880312601,0.02666629833566487,0.6444213390350342,0.4753846526145935,0.507981538772583,0.881069540977478,0.8317140936851501,0.7526019215583801,0.6033374071121216,0.6069105863571167,0.9903361797332764,0.8735108375549316,0.5850512385368347,0.4134787619113922,0.4357277750968933,0.8900812268257141,0.7726958990097046,0.660691499710083,0.08495202435222203,0.4974002738793691,0.09682505860633207,0.516873300075531,0.08593710654914889,0.9204956491788229,0.060651276998530644,0.8259736100832621,0.05065202683464044,0.16491940522304135,52794,320120,medium
cju87z6o6nh73085045bzsx6o,0.9841689467430116,0.9688313603401184,0.9759796857833862,0.9924968481063844,0.9967590570449828,0.9841664433479308,0.9688265323638916,0.9786497354507446,0.9897457361221312,0.9971351027488708,0.987649142742157,0.9755997061729432,0.988639235496521,0.98666113615036,0.998495638370514,0.9853281776110331,0.0020100151545862366,0.9710858662923177,0.003909100750592443,0.9810895522435507,0.006673123648013441,0.9896345734596252,0.0029194436733002882,0.9974632660547892,0.0009136175576024177,0.9749539494514464,0.9511318206787108,0.9796313643455504,0.9703209400177002,0.9973231554031372,0.9767169952392578,0.9544935822486876,0.9776961207389832,0.9757398962974548,0.9970466494560242,0.9779820442199708,0.9569127559661864,0.9802345037460328,0.9757398962974548,0.9973894953727722,0.9765509963035583,0.0015208570665191433,0.9541793862978616,0.00290324689289969,0.9791873296101888,0.0013261682424471578,0.9739335775375366,0.0031286358668431535,0.9972531000773112,0.00018184235525625872,0.9759387969970704,0.9530082941055298,0.9631433486938475,0.9890787601470948,0.994978129863739,0.9642624855041504,0.930991232395172,0.9400585889816284,0.9897457361221312,0.9916265606880188,0.9857776165008544,0.971954107284546,0.9892536401748656,0.9823259711265564,0.9985841512680054,0.9753262996673584,0.010770635087380478,0.9519845445950826,0.02050061772473533,0.9641518592834473,0.024613026747706348,0.9870501557985941,0.004104833108599707,0.9950629472732544,0.003479570686794155,0.9853008985519408,0.971027672290802,0.9899023771286012,0.9807419776916504,0.9986726641654968,0.9831483960151672,0.9668553471565248,0.9838050007820128,0.9824926853179932,0.9978541135787964,0.98328959941864,0.9671284556388856,0.9830028414726256,0.983576476573944,0.9977434873580932,0.9839129646619161,0.0012040577073369745,0.9683371583620707,0.002334051405026642,0.9855700731277466,0.0037732622962464435,0.9822703798611959,0.0014302659771952564,0.9980900883674622,0.000507548480953889,0.11721773948917066,38642,329660,medium
cju87zv8lni0o0850hbbecbq6,0.9406896829605104,0.8880208134651184,0.9485396146774292,0.9329685568809508,0.9992668628692628,0.9296551942825316,0.8685566782951355,0.9374130964279176,0.9220246076583862,0.9991083741188048,0.933783769607544,0.8757921457290649,0.9225634336471558,0.9452804327011108,0.9988507628440856,0.9347095489501953,0.005575193775966019,0.877456545829773,0.009838232069344015,0.9361720482508341,0.013032484247554875,0.9334245324134827,0.011634615802387074,0.9990753332773844,0.00021000852515897655,0.9086195826530457,0.8325415849685669,0.8633005023002625,0.9589603543281556,0.9978006482124328,0.907242715358734,0.830232560634613,0.8469750881195068,0.9767441749572754,0.9974439740180968,0.8804348111152649,0.7864077687263489,0.8265306353569031,0.9418604373931884,0.9971368312835692,0.8987657030423483,0.015889938326448656,0.8163939714431763,0.02599446409093093,0.8456020752588908,0.01842334529868696,0.9591883222262064,0.017442986087018768,0.9974604845046996,0.00033221630888224945,0.9156010150909424,0.8443396091461182,0.8595438003540039,0.9794801473617554,0.997681736946106,0.901342272758484,0.8204031586647034,0.8847167491912842,0.9186046719551086,0.9982662796974182,0.9375848174095154,0.8825032114982605,0.9300134778022766,0.9452804327011108,0.9989696741104126,0.9181760350863138,0.01825797241420644,0.8490819931030273,0.031320469260193225,0.8914246757825216,0.03571051762829784,0.947788417339325,0.030515133404680556,0.9983058969179789,0.000644881910061272,0.9325729608535768,0.873664379119873,0.9150757193565368,0.9507523775100708,0.9987220168113708,0.9458709359169006,0.8973008394241333,0.9598591327667236,0.9322845339775084,0.999435305595398,0.9194089770317078,0.8508390188217163,0.9030343294143676,0.9363884925842284,0.9985436797142028,0.9326176246007284,0.01323103598166605,0.8739347457885742,0.023232090242258734,0.9259897271792094,0.02994330048731273,0.9398084680239359,0.009697292673316257,0.9989003340403239,0.00047180181603124344,0.014177141186787489,4656,328416,small
cju8828oxnool0801qno9luhr,0.9819979667663574,0.9646326899528505,0.9887972474098206,0.9752916097640992,0.9973929524421692,0.9692920446395874,0.9404138326644896,0.973821461200714,0.9648045897483826,0.9938806295394896,0.9710201621055604,0.9436726570129396,0.9906328320503236,0.9521690011024476,0.99787575006485,0.9741033911705017,0.0068912872798237235,0.9495730598767599,0.01314341384705782,0.984417180220286,0.009221946047304948,0.9640884002049764,0.011577929582897571,0.9963831106821696,0.0021806151169379145,0.9679733514785768,0.9379345178604126,0.9840380549430848,0.9524248242378236,0.9963549375534058,0.9658949375152588,0.9340394735336304,0.980347752571106,0.951862096786499,0.99549800157547,0.9637292623519896,0.9299975037574768,0.9671801924705504,0.9603028297424316,0.9923115968704224,0.9658658504486084,0.0021221940702227334,0.93399049838384,0.00396873369496155,0.9771886666615804,0.008861814127115456,0.9548632502555847,0.004719209074772238,0.994721511999766,0.002130575747433033,0.969556987285614,0.9409127235412598,0.973003625869751,0.9661346673965454,0.9936754703521729,0.9664916396141052,0.9351561069488524,0.9724984169006348,0.9605586528778076,0.993591010570526,0.9675095677375792,0.937063992023468,0.9802079200744628,0.9551360607147216,0.995449721813202,0.9678527315457662,0.0015612207198993685,0.9377109408378601,0.002932331107553738,0.9752366542816162,0.004312646717847864,0.9606097936630249,0.00549948168196781,0.9942387342453003,0.0010495958893251985,0.9787776470184326,0.9584373235702516,0.9955031275749208,0.9626048803329468,0.998974084854126,0.9790968894958496,0.9590497612953186,0.9941992163658142,0.964446485042572,0.9986723065376282,0.9767054319381714,0.9544713497161864,0.995326578617096,0.9587681889533995,0.9989378452301024,0.9781933228174845,0.0012984003201648871,0.9573194781939188,0.0024854872482119573,0.9950096408526102,0.0007073777422468824,0.9619398514429728,0.002896974143387008,0.9988614122072855,0.00016476966744446257,0.19077633245639677,62654,328416,large
cju884985nlmx0817vzpax3y4,0.2050040364265442,0.1142086312174797,0.1231813803315162,0.6105769276618958,0.9190673232078552,0.6891076564788818,0.525678277015686,0.8496476411819458,0.5795940160751343,0.9980900883674622,0.8090178966522217,0.6792863607406616,0.7856064438819885,0.8338675498962402,0.9957623481750488,0.5677098631858826,0.31978313588819596,0.4397244229912758,0.2921801821941485,0.5861451551318169,0.4022150063348092,0.6746794978777567,0.13872855557410602,0.9709732532501221,0.04496691865989229,0.8584630489349365,0.7520238757133484,0.7879464030265808,0.94284188747406,0.9952749609947203,0.835286021232605,0.7171597480773926,0.7327690720558167,0.9711538553237916,0.9934048056602478,0.7449938654899597,0.5936177372932434,0.6032428741455078,0.9738247990608216,0.9880729913711548,0.8129143118858337,0.05995151317723147,0.6876004536946615,0.08323725179026567,0.7079861164093018,0.09481294512466737,0.9626068472862244,0.017168975286660296,0.992250919342041,0.0037370686160678062,0.8618451356887817,0.7572301626205444,0.7612612843513489,0.9930555820465088,0.9942006468772888,0.8710217475891113,0.7715133428573608,0.7889033555984497,0.9722222089767456,0.9951555728912354,0.8963145017623901,0.812110424041748,0.8298453092575073,0.9743589758872986,0.9962796568870544,0.8763937950134277,0.0178515677049926,0.7802846431732178,0.028472136473017377,0.7933366497357687,0.03450627031081641,0.9798789223035177,0.01146122657896749,0.9952119588851929,0.0010406513298950562,0.9239267110824584,0.8586094379425049,0.8716248273849487,0.9829059839248656,0.9973042607307434,0.9374053478240968,0.8821852803230286,0.8885167241096497,0.99198716878891,0.9976822137832642,0.916461944580078,0.8458049893379211,0.8484986424446106,0.996260702610016,0.9966874718666076,0.9259313344955444,0.010614632406805876,0.8621999025344849,0.018453996045029612,0.8695467313130697,0.02008981277912772,0.9903846184412638,0.006820062573205007,0.9972246487935384,0.0005021268919282931,0.01840253262577721,5656,307349,small
cju7dp3dw2k4n0755zhe003ad,0.9561967253684998,0.9160698652267456,0.95363050699234,0.9587767720222472,0.9967512488365172,0.9583977460861206,0.920118808746338,0.9897779822349548,0.9289461970329284,0.9993314743041992,0.9666969180107116,0.9355405569076538,0.9763033390045166,0.957277774810791,0.9983808398246764,0.9604304631551107,0.0055373698984998556,0.9239097436269125,0.010274013290083584,0.9732372760772705,0.018267746111910968,0.9483335812886556,0.016806687638240964,0.9981545209884644,0.0013049160998842033,0.961349368095398,0.925575315952301,0.9702290296554564,0.9526308178901672,0.997963011264801,0.953265368938446,0.9107039570808412,0.9602981209754944,0.9463348984718324,0.997273564338684,0.9616963267326356,0.9262186884880066,0.9753352999687196,0.948433518409729,0.9983286261558532,0.9587703545888265,0.004770612678908211,0.9208326538403829,0.00877760534485282,0.9686208168665568,0.007646499153165363,0.9491330782572428,0.0032057274238044132,0.9978550672531128,0.0005357497473229567,0.9627352356910706,0.9281480312347412,0.96309632062912,0.9623744487762452,0.9974302649497986,0.9655120372772216,0.933323621749878,0.9721884727478028,0.9589266777038574,0.9980883598327636,0.9646736979484558,0.9317581653594972,0.9779728651046752,0.9517313838005066,0.9985061883926392,0.9643069903055826,0.0014242586259942008,0.9310766061147054,0.002654256307935305,0.9710858861605326,0.007499311086367469,0.9576775034268697,0.005430380769353506,0.9980082710584005,0.0005424144840873264,0.9722306728363036,0.9459620118141174,0.989902138710022,0.9551791548728944,0.9993209838867188,0.9713585376739502,0.9443120956420898,0.992954432964325,0.9506820440292358,0.9995298981666564,0.9764965176582336,0.9540725350379944,0.9911982417106628,0.962224543094635,0.9994045495986938,0.9733619093894958,0.0027494511605378595,0.9481155474980673,0.005224445545396675,0.9913516044616699,0.0015319155178273012,0.9560285806655884,0.005817943305125581,0.9994184772173563,0.00010515121497952611,0.06519385832484874,22283,341796,small
cju7dqcwi2dz00850gcmr2ert,0.7733314633369446,0.6304323077201843,0.6347036957740784,0.9894378781318665,0.967143177986145,0.9007456302642822,0.8194151520729065,0.8383713960647583,0.97314715385437,0.9891751408576964,0.6823874115943909,0.5178968906402588,0.5179449319839478,0.9998210072517396,0.9463094472885132,0.7854881683985392,0.10968553698477286,0.6559147834777832,0.15236578658739003,0.6636733412742615,0.1621656868487827,0.9874686797459921,0.013445516742702356,0.9675425887107849,0.021435637802197472,0.9344655871391296,0.876992404460907,0.8970685005187988,0.9751163721084596,0.993544340133667,0.9238587021827698,0.8584920763969421,0.876707911491394,0.9763695001602172,0.9920775890350342,0.9496889114379884,0.9041976928710938,0.943149745464325,0.9563193917274476,0.9966740608215332,0.9360044002532959,0.012983677710585048,0.8798940579096476,0.022990553252868907,0.905642052491506,0.0340405445093518,0.9692684213320414,0.011231678781643072,0.9940986633300781,0.0023478381280616373,0.8960299491882324,0.8116433024406433,0.8212049007415771,0.9858574867248536,0.987615406513214,0.9497889876365662,0.9043791890144348,0.9151867032051086,0.9871106147766112,0.9947218298912048,0.9507121443748474,0.9060546159744264,0.9179863333702089,0.9858574867248536,0.9949181079864502,0.9321770270665487,0.03130769049206047,0.8740257024765015,0.05403123762741278,0.8847926457722982,0.055086390976667995,0.9862751960754395,0.0007234938180113161,0.9924184481302897,0.004160713623188813,0.938144326210022,0.8834951519966125,0.9655172228813172,0.9122806787490844,0.998120129108429,0.9515740871429444,0.9076216220855712,0.948107361793518,0.9550662636756896,0.9969838857650756,0.9310696721076964,0.8710293173789978,0.9663007855415344,0.8983172178268433,0.9981924295425416,0.9402626951535543,0.010415055171246955,0.8873820304870605,0.018603227118817536,0.9599751234054565,0.010285247535619843,0.9218880534172058,0.029569237176478882,0.9977654814720154,0.0006778463874826462,0.054525358082432036,17907,328416,small
cju7druhp2gp308715i6km7be,0.7121285796165466,0.5529500842094421,0.9949910044670104,0.5544936060905457,0.9986751675605774,0.7108339667320251,0.5513905882835388,0.9933558702468872,0.5534316301345825,0.9982431530952454,0.6945436596870422,0.5320312976837158,0.9932832717895508,0.5339522957801819,0.9982863664627076,0.7058354020118713,0.00980033617678215,0.5454573233922323,0.011653395712410848,0.9938767155011495,0.0009656850203774885,0.5472925106684366,0.011565160966513706,0.9984015623728434,0.0002379321286586724,0.8897947072982788,0.8014686107635498,0.9661902785301208,0.8245949149131775,0.9863051176071168,0.8732202053070068,0.7749696969985962,0.967775285243988,0.7954972982406616,0.9874283671379088,0.8963508009910583,0.8121700286865234,0.9668188095092772,0.8354572653770447,0.986391544342041,0.886455237865448,0.011921415865759157,0.7962027788162231,0.01915105503610873,0.9669281244277954,0.0007981377602325214,0.8185164928436279,0.02066180424181039,0.9867083430290222,0.0006250547441311679,0.6902530193328857,0.5270124673843384,0.975931704044342,0.5339522957801819,0.9937501549720764,0.8645244240760803,0.7613765001296997,0.9747172594070436,0.7767158150672913,0.9904380440711976,0.8259214162826538,0.7034635543823242,0.9789977073669434,0.7142423987388611,0.992727756500244,0.7935662865638733,0.09153016684203587,0.6639508406321207,0.12207606592652115,0.9765488902727762,0.002205957346545774,0.6749701698621114,0.12605658469463837,0.992305318514506,0.0016959835033914172,0.9393905997276306,0.8857083320617676,0.9842446446418762,0.8984465003013611,0.993174135684967,0.960227072238922,0.923496961593628,0.9660361409187316,0.9544875025749208,0.984073042869568,0.9557758569717408,0.9152976274490356,0.9795515537261964,0.933126986026764,0.9907549023628236,0.9517978429794312,0.010973062160158812,0.9081676403681437,0.01987769270575217,0.9766107797622681,0.009453756691872926,0.9286869963010153,0.028283097700390707,0.9893340269724528,0.004713983216436813,0.32219218481199313,110124,341796,large
cju7dsrtb2f8i085064kwugfk,0.9734649062156676,0.9483016729354858,0.9861111044883728,0.9611389636993408,0.9987637400627136,0.9718317985534668,0.9452070593833924,0.996687948703766,0.9481853246688844,0.9997122287750244,0.9666588306427002,0.9354691505432128,0.9759724140167236,0.9575213193893432,0.9978471994400024,0.9706518451372782,0.003553151238621471,0.942992627620697,0.006696729706414404,0.9862571557362875,0.010358539596283673,0.9556152025858561,0.006683872529024082,0.9987743894259135,0.0009325602724894233,0.9601746201515198,0.9233999252319336,0.9710023999214172,0.949585735797882,0.997410237789154,0.9643758535385132,0.9312025308609008,0.970011830329895,0.958804965019226,0.9972929954528807,0.960353434085846,0.923730731010437,0.9696645140647888,0.9512194991111756,0.997282326221466,0.961634635925293,0.002375647092488455,0.9261110623677572,0.004412442257784074,0.9702262481053671,0.0006942376237070138,0.9532033999760946,0.004919394661977239,0.997328519821167,7.097061253579099e-05,0.9677681922912598,0.9375492930412292,0.9649611115455629,0.97059166431427,0.9967814683914183,0.9661281704902648,0.9344757795333862,0.9587451219558716,0.9736258387565612,0.9961739778518676,0.9564198851585388,0.9164795875549316,0.9601317048072816,0.9527366161346436,0.9963871240615844,0.9634387493133545,0.006133576313599723,0.9295015533765157,0.011381577953631958,0.9612793127695719,0.0032630330478133113,0.9656513730684916,0.011286928883972156,0.9964475234349567,0.0003082162424966575,0.963302731513977,0.9292035102844238,0.9839357137680054,0.9435173273086548,0.9985932111740112,0.9628252983093262,0.9283154010772704,0.9901344180107116,0.9369821548461914,0.9991474151611328,0.9596643447875975,0.9224565029144288,0.986446499824524,0.934298038482666,0.9988276958465576,0.9619307915369669,0.0019772635805630633,0.9266584714253744,0.0036660045030238305,0.9868388772010803,0.003117924562326808,0.938265840212504,0.00474180426673374,0.9988561073939005,0.00027819224800878183,0.08359395192556215,25874,309520,medium
cju7dtb1e2j0t0818deq51ib3,0.9557285904884338,0.9152109622955322,0.9808329343795776,0.9318773150444032,0.9964947700500488,0.944493055343628,0.8948240876197815,0.9769185781478882,0.914150893688202,0.9958425760269164,0.958396852016449,0.9201170802116394,0.9866734743118286,0.931695818901062,0.9975777864456176,0.9528728326161703,0.007378712980495519,0.9100507100423177,0.013412867741484253,0.9814749956130981,0.004909040819040654,0.9259080092112223,0.010182365112229436,0.9966383775075277,0.0008764736879535581,0.9457693696022034,0.897118091583252,0.9938678741455078,0.9021114110946656,0.9989286065101624,0.9397305846214294,0.8863130211830139,0.994728684425354,0.8904954791069031,0.9990916848182678,0.9476580619812012,0.9005229473114014,0.9928429126739502,0.9064069390296936,0.9987422823905944,0.9443860054016113,0.00414083285173805,0.8946513533592224,0.007419170994320956,0.993813157081604,0.000944075866871851,0.8996712764104208,0.00823160568641279,0.9989208579063416,0.00017483004536378893,0.9328905940055848,0.8742220997810364,0.9876292943954468,0.8839010000228882,0.9978688955307008,0.9517993330955504,0.9080316424369812,0.9812411665916444,0.9240728616714478,0.996599555015564,0.921647608280182,0.8546813130378723,0.9951595664024352,0.8582491278648376,0.999196469783783,0.9354458451271057,0.015237408196801435,0.8789783517519633,0.026991310849170797,0.9880100091298422,0.006967005892418535,0.8887409965197245,0.033177705731830036,0.9978883067766825,0.001298566199968797,0.9665243625640868,0.9352173209190368,0.989045798778534,0.9450057744979858,0.9979853630065918,0.9720608592033386,0.9456404447555542,0.9879420399665833,0.9566822052001952,0.9977524280548096,0.9667773246765136,0.9356911182403564,0.9920422434806824,0.9427672624588012,0.9985443353652954,0.9684541821479797,0.003126033748029672,0.9388496279716492,0.005885789277560614,0.9896766940752665,0.002121659461562363,0.9481517473856608,0.007471898482417826,0.9980940421422323,0.00040698607223453923,0.16141722693169638,53012,328416,medium
cju7dubap2g0w0801fgl42mg9,0.6405543684959412,0.4711879193782806,0.7792702913284302,0.5437608361244202,0.9477868676185608,0.6581637263298035,0.490494817495346,0.8056191802024841,0.5563355684280396,0.9544949531555176,0.6914198398590088,0.5283740758895874,0.9851598143577576,0.5326133370399475,0.9972801804542542,0.6633793115615845,0.025830714106064554,0.4966856042544047,0.029091381965386617,0.856683095296224,0.11204136063006592,0.5442365805308024,0.01186826925304182,0.9665206670761108,0.026848842625668525,0.4586515128612518,0.2975651025772095,0.9856252670288086,0.298862099647522,0.998522400856018,0.4671408534049988,0.304751306772232,0.981232225894928,0.3065381050109863,0.9980124235153198,0.4585539102554321,0.2974829375743866,0.9826362729072572,0.2990549802780151,0.9982085824012756,0.4614487588405609,0.004929740050453304,0.29993311564127606,0.004172878155750458,0.9831645886103312,0.0022436668007032043,0.3014850616455078,0.004377126474578904,0.9982478022575378,0.0002572408790420049,0.4504080414772033,0.2906623482704162,0.9884952306747437,0.2916489839553833,0.9988492727279664,0.4516167342662811,0.2916698753833771,0.989949107170105,0.2925361692905426,0.998993158340454,0.4372501373291015,0.2797953486442566,0.9906020164489746,0.2805400192737579,0.9990977644920348,0.44642497102419526,0.007968589245535463,0.2873758574326833,0.0065842131526400805,0.989682118097941,0.0010784706524132625,0.28824172417322796,0.006684606811445318,0.9989800651868185,0.0001247622226739643,0.4429281055927276,0.2844622135162353,0.9881159067153932,0.2854387760162353,0.9988362193107604,0.4408937990665436,0.2827862501144409,0.9957943558692932,0.2831243872642517,0.9995946288108826,0.431850403547287,0.2753885090351105,0.9901797771453856,0.2761427164077759,0.9990715980529784,0.4385574360688527,0.005896847860901964,0.2808789908885956,0.004828173212367732,0.9913633465766907,0.003973697623284495,0.28156862656275433,0.004839367167435269,0.9991674820582072,0.00038819009430035627,0.25321331290432414,83293,328944,large
cju7dvl5m2n4t0755hlnnjjet,0.9450313448905944,0.8957908749580383,0.9620853066444396,0.9285714030265808,0.9989553689956664,0.9455525875091552,0.8967280387878418,0.9662137627601624,0.9257565140724182,0.9990758895874025,0.9567092061042786,0.917011022567749,0.977247714996338,0.9370161890983582,0.9993772506713868,0.9490977128346761,0.006596896680391054,0.9031766454378763,0.01199008181538518,0.9685155948003134,0.007838908075314371,0.930448035399119,0.0058597254388484624,0.9991361697514852,0.0002173046495442638,0.9617677927017212,0.9263513684272766,0.9587412476539612,0.9648135304450988,0.9988147616386414,0.9564763307571412,0.916583240032196,0.9465885758399964,0.9665728211402892,0.9984431266784668,0.9580007195472716,0.9193871021270752,0.9452054500579834,0.9711470603942872,0.9983928799629213,0.9587482810020447,0.002723789359372584,0.9207739035288492,0.0050295622753542615,0.9501784245173136,0.007447799291357593,0.9675111373265585,0.003269362071318785,0.9985502560933431,0.00023044212012110718,0.7739463448524475,0.6312500238418579,0.648513674736023,0.959535539150238,0.985154390335083,0.9623769521713256,0.9274821877479552,0.9617006182670592,0.9630541801452636,0.9989051818847656,0.9338110089302064,0.8758400082588196,0.906291365623474,0.9630541801452636,0.9971574544906616,0.8900447686513265,0.10155361285917794,0.8115240732828776,0.15824278293809935,0.8388352195421854,0.16713546641178,0.9618812998135885,0.0020314883256596387,0.9937390089035034,0.007485679310188005,0.9499372243881226,0.9046480059623718,0.9692420363426208,0.9313863515853882,0.9991562962532043,0.954274356365204,0.912547528743744,0.9810479283332824,0.9289233088493348,0.9994877576828004,0.946278750896454,0.8980352282524109,0.9601593613624572,0.9327937960624696,0.9988951086997986,0.9501634438832601,0.00400260017338248,0.9050769209861755,0.007265651551025571,0.9701497753461202,0.010473826907941419,0.9310344854990641,0.0019590878295238957,0.9991797208786011,0.0002970180786913601,0.027708091774709252,7886,284610,small
cju7dwe282dc309876rco45ts,0.6593903303146362,0.4918585121631622,0.8658092617988586,0.532448410987854,0.9614210724830629,0.5799362063407898,0.4083874225616455,0.9067553281784058,0.426289826631546,0.9795067310333252,0.6465532183647156,0.4777086079120636,0.8545949459075928,0.5199717879295349,0.9586408734321594,0.6286265850067139,0.04265281458212347,0.4593181808789571,0.04467114901881433,0.8757198452949524,0.027456167223123475,0.49290334184964496,0.058025312045854364,0.9665228923161825,0.011329935020345063,0.8638340830802917,0.7603062987327576,0.9598336219787598,0.7852916717529297,0.9846372008323668,0.8249896168708801,0.7021126747131348,0.9442051649093628,0.7325035929679871,0.9797646999359132,0.930139183998108,0.8694020509719849,0.9162527918815612,0.944452941417694,0.9596440196037292,0.8729876279830933,0.053169054956586866,0.7772736748059591,0.0849255717694963,0.9400971929232279,0.022078921245599265,0.8207494020462036,0.11033390029916795,0.9746819734573364,0.013249164438707054,0.8625928163528442,0.7583852410316467,0.9759222865104676,0.7728456854820251,0.9910861253738404,0.8679753541946411,0.766745924949646,0.977134108543396,0.7807547450065613,0.991458773612976,0.8228932023048401,0.6990811824798584,0.9758620858192444,0.7113822102546692,0.9917740225791932,0.8511537909507751,0.024621912626066625,0.741404116153717,0.036890355039841394,0.976306160291036,0.0007176557407597388,0.7549942135810852,0.03797556360672156,0.9914396405220032,0.0003443474955051525,0.9754044413566588,0.951989769935608,0.9921679496765136,0.9591980576515198,0.996460258960724,0.977192521095276,0.9554022550582886,0.9865654110908508,0.967996060848236,0.9938377141952516,0.9755728244781494,0.9523105621337892,0.9834589958190918,0.9678121209144592,0.992390275001526,0.9760565956433614,0.0009873364133522254,0.9532341957092285,0.0018844330485289938,0.9873974521954855,0.004413693308616548,0.9650020798047384,0.0050272719581397445,0.9942294160525006,0.0020630717669924757,0.31843717769823454,104976,329660,large
cju7dxffn2eam0817qxosfwch,0.8729312419891357,0.7745146155357361,0.9649027585983276,0.7969667911529541,0.993872046470642,0.6454424262046814,0.4764968752861023,0.9053344130516052,0.5014830231666565,0.9889153242111206,0.6225979924201965,0.4520089328289032,0.9937431216239928,0.4532990157604217,0.9993966817855836,0.7136572202046713,0.13840746927200853,0.5676734745502472,0.17954764836828396,0.9546600977579752,0.045085574341214796,0.5839162766933441,0.1860734154199879,0.9940613508224487,0.005243242437094432,0.6574326753616333,0.4896831810474396,0.9381614327430724,0.5060160160064697,0.9929493069648744,0.6781596541404724,0.5130420327186584,0.9685227274894714,0.5217415690422058,0.9964154958724976,0.6415256857872009,0.4722398519515991,0.7874765992164612,0.5412166118621826,0.9691237807273864,0.6590393384297689,0.018369755958858223,0.49165502190589905,0.02047243527563988,0.8980535864830017,0.09695826235745937,0.522991398970286,0.01763354880011825,0.9861628611882528,0.014857702164188847,0.6761730313301086,0.5107714533805847,0.9800233840942384,0.5161452889442444,0.9977759718894958,0.6738384962081909,0.5081119537353516,0.967130720615387,0.5170406699180603,0.9962853789329528,0.6704549789428711,0.5042739510536194,0.9719387888908386,0.5117242336273193,0.996876895427704,0.6734888354937235,0.0028750178672887635,0.5077191193898519,0.003266515458326058,0.9730309645334879,0.006515353299747051,0.514970064163208,0.0028463992469167764,0.9969794154167175,0.0007505661873775459,0.597673237323761,0.4262011051177978,0.9959530234336852,0.4269405007362366,0.999633252620697,0.9333444237709044,0.8750194311141968,0.9226773381233216,0.9442610144615172,0.9832724332809448,0.6028316020965576,0.4314666986465454,0.9945945739746094,0.4324808418750763,0.9995031356811525,0.7112830877304077,0.19232805282862436,0.57756241162618,0.257618789009698,0.9710749785105387,0.041919089237732805,0.6012274523576101,0.297088694487446,0.9941362738609314,0.009408586860682742,0.17434083488396587,59589,341796,large
cju7dymur2od30755eg8yv2ht,0.7797408699989319,0.6389961242675781,0.9885866641998292,0.6437452435493469,0.9987841248512268,0.7673574090003967,0.6225303411483765,0.9968916773796082,0.6237410306930542,0.999681830406189,0.8048620820045471,0.6734470129013062,0.9796751737594604,0.6829895377159119,0.9976819157600404,0.7839867870012919,0.01910944747187263,0.6449911594390869,0.025982344017228653,0.9883845051129659,0.008610031965558596,0.6501586039861044,0.030140417883271414,0.9987159570058187,0.0010016984522951884,0.8245150446891785,0.7014254331588745,0.9946036338806152,0.704105019569397,0.99937504529953,0.7976787686347961,0.6634489297866821,0.989103615283966,0.6683337092399597,0.9987955093383788,0.875316858291626,0.778278648853302,0.998043417930603,0.7794679403305054,0.999750018119812,0.8325035572052002,0.03943070492084137,0.7143843372662863,0.058501418717656156,0.9939168890317281,0.0045092939254177695,0.7173022230466207,0.05673031786211087,0.999306857585907,0.00048089388296706245,0.9138500690460204,0.8413664102554321,0.9947673678398132,0.8451066017150879,0.9992727637290956,0.933434784412384,0.875178337097168,0.9757575988769532,0.8946308493614197,0.9963637590408324,0.921147644519806,0.8538217544555664,0.9920647740364076,0.8596929907798767,0.9988750219345092,0.9228108326594034,0.009897722722229758,0.8567888339360555,0.01710012484370739,0.9875299135843912,0.010284286484475939,0.866476813952128,0.02544951804765821,0.9981705149014791,0.001577283959461941,0.9440403580665588,0.8940117955207825,0.9962968826293944,0.8969924449920654,0.9994545578956604,0.9158021211624146,0.8446817398071289,0.9979519844055176,0.8461484909057617,0.9997159242630004,0.955811321735382,0.9153626561164856,0.978117048740387,0.934500217437744,0.996579647064209,0.9385512669881185,0.020561654195918783,0.8846853971481323,0.03625167944435954,0.9907886385917664,0.011005077577805472,0.8925470511118571,0.04434329758101208,0.9985833764076233,0.001740194401708803,0.14071770915488685,46389,329660,medium
cju7dz5yy2i7z0801ausi7rna,0.9319409728050232,0.8725556135177612,0.9904324412345886,0.8799728155136108,0.9997486472129822,0.8718833923339844,0.7728663682937622,1.0,0.7728663682937622,1.0,0.9298973083496094,0.8689794540405273,0.9892638325691224,0.8772526383399963,0.9997184872627258,0.9112405578295389,0.03409961873665065,0.8381338119506836,0.056551539592514265,0.9932320912679037,0.005890233697209293,0.8433639407157898,0.06106783628894372,0.9998223781585693,0.00015456242934420162,0.9364340901374816,0.8804664611816406,0.9490223526954652,0.9241754412651062,0.9985320568084716,0.9358372688293456,0.8794117569923401,0.9576512575149536,0.9149948954582214,0.9988035559654236,0.9450587630271912,0.8958401679992676,0.9606603384017944,0.929955780506134,0.9988738894462584,0.9391100406646729,0.005160380046876976,0.8852394620577494,0.009195614447965707,0.9557779828707377,0.006040906078120851,0.9230420390764872,0.007544565643235427,0.9987365007400513,0.00018051230013876591,0.9368248581886292,0.881157636642456,0.9031240344047546,0.973138391971588,0.9969133138656616,0.9519529938697816,0.908311367034912,0.9680140614509584,0.9364162087440492,0.9990850687026978,0.9528460502624512,0.9099388718605042,0.9439439177513124,0.9619176983833312,0.9983108639717102,0.9472079674402872,0.009003116445377341,0.8998026251792908,0.01616752582009238,0.9383606712023417,0.0328033288559897,0.9571574330329895,0.018818203418591313,0.9981030821800232,0.0011006860236983836,0.9594686627388,0.9220949411392212,0.9611054062843324,0.957837462425232,0.9988538026809692,0.959482491016388,0.9221203923225404,0.960790991783142,0.9581775069236756,0.9988437294960022,0.9680615067481996,0.9380999803543092,0.9725463390350342,0.9636178016662598,0.999195635318756,0.9623375535011292,0.0049570937439492365,0.9274384379386902,0.009233175344956593,0.9648142457008362,0.006698034384519203,0.959877590338389,0.0032435772147552124,0.9989643891652426,0.00020032836768651283,0.028819579112600052,9437,327451,small
cju7ea4om2l910801bohqjccy,0.9763155579566956,0.9537270665168762,0.9688888788223268,0.9838569760322572,0.9981167316436768,0.9808064699172974,0.9623358845710754,0.9951759576797484,0.9668460488319396,0.9997206330299376,0.9780553579330444,0.9570531249046326,0.977461874485016,0.9786495566368104,0.9986547827720642,0.9783924619356791,0.002264354630112813,0.9577053586641947,0.0043413124433068695,0.9805089036623637,0.013405816603988825,0.9764508605003357,0.00871599733702563,0.9988307158152262,0.000816296049830923,0.9417544007301332,0.8899204134941101,0.9519418478012084,0.9317826628684998,0.9971957206726074,0.9589397311210632,0.9211183190345764,0.9571157097816468,0.9607707262039183,0.9974337220191956,0.9593847393989564,0.9219398498535156,0.9552572965621948,0.9635480046272278,0.9973095655441284,0.9533596237500509,0.010052880636830935,0.9109928607940674,0.018253896971023042,0.95477161804835,0.00262090149800875,0.952033797899882,0.017592886954806528,0.9973130027453104,0.00011903789736220884,0.9638954401016236,0.930307149887085,0.9709404706954956,0.956951916217804,0.9982926249504088,0.9580353498458862,0.9194508790969848,0.9512320160865784,0.96493661403656,0.9970508813858032,0.9638301730155944,0.9301854968070984,0.970272660255432,0.9574726819992064,0.99825119972229,0.9619203209877014,0.0033646419612913168,0.9266478419303894,0.0062330494452573606,0.9641483823458353,0.011190883821370779,0.9597870707511902,0.004467230270054714,0.9978649020195007,0.0007052667626119211,0.975567638874054,0.9523006677627563,0.9704568982124328,0.9807325005531312,0.9982202053070068,0.9755077362060548,0.9521864652633668,0.9796918630599976,0.971359133720398,0.9987996816635132,0.9777972102165222,0.9565589427947998,0.9848564863204956,0.9708383679389954,0.9991101026535034,0.9762908617655436,0.00130487981217907,0.953682025273641,0.0024921379115890934,0.9783350825309753,0.007295044514834486,0.9743100007375082,0.005568139470328347,0.9987099965413412,0.0004516767513163307,0.056317218457793534,19249,341796,small
cju7ebe962hr409872ovibahw,0.8280031085014343,0.7064891457557678,0.9718908071517944,0.7212260961532593,0.9838222861289978,0.7167344093322754,0.5585238337516785,0.9657812118530272,0.5697996616363525,0.9843425154685974,0.851871132850647,0.7419646978378296,0.9850330352783204,0.7504248023033142,0.9911568760871888,0.7988695502281189,0.07212528456837242,0.6689925591150919,0.0972991940431406,0.9742350180943807,0.009837665882066375,0.6804835200309753,0.09696044808090565,0.9864405592282613,0.004092724419845265,0.959516942501068,0.9221840500831604,0.9707578420639038,0.9485333561897278,0.9778401851654052,0.9553727507591248,0.9145585298538208,0.97124046087265,0.940015196800232,0.978412389755249,0.9565227031707764,0.9166684746742249,0.9702615141868592,0.9431675672531128,0.9775801301002502,0.9571374654769897,0.002139399639701104,0.917803684870402,0.003937469534376782,0.9707532723744711,0.0004894893409986868,0.9439053734143575,0.00430674219043718,0.9779442350069681,0.0004257743656934185,0.971367597579956,0.9443292021751404,0.9757060408592224,0.9670675992965698,0.9813254475593568,0.9680056571960448,0.9379951357841492,0.9593965411186218,0.9767706990242004,0.9679393768310548,0.9613451957702636,0.925567626953125,0.97328382730484,0.9496959447860718,0.979782223701477,0.9669061501820883,0.00510086475649343,0.9359639883041382,0.009544283433920097,0.9694621364275614,0.008800791800643186,0.9645114143689474,0.013717184124371872,0.9763490160306295,0.007323722316496612,0.9615393280982972,0.9259275794029236,0.9839252829551696,0.9401493668556212,0.988087832927704,0.9563307166099548,0.9163158535957336,0.9847232699394226,0.92952960729599,0.9888160824775696,0.9564605355262756,0.91655433177948,0.9711053371429444,0.9422509670257568,0.978256344795227,0.9581101934115092,0.002970427033754261,0.9195992549260458,0.005481786750186403,0.9799179633458456,0.007642380601017167,0.937309980392456,0.006819445355667701,0.9850534200668335,0.005897691161601557,0.4367287508341928,143972,329660,large
cju7ecl9i2i060987xawjp4l0,0.8704078793525696,0.7705506086349487,0.993406355381012,0.7745118141174316,0.9984159469604492,0.8673092126846313,0.7657069563865662,0.9952751398086548,0.7685004472732544,0.9988757967948914,0.8667603731155396,0.7648518085479736,0.9963380098342896,0.7670080065727234,0.9991313219070436,0.8681591550509135,0.0019666918815092033,0.7670364578564962,0.0030732330251278367,0.9950065016746521,0.0014841746169625431,0.7700067559878031,0.003972216808615718,0.998807688554128,0.00036251810699414964,0.9005047678947449,0.8190165162086487,0.9970797300338744,0.8209858536720276,0.9992590546607972,0.8929152488708496,0.8065463900566101,0.997696578502655,0.8080510497093201,0.9994251132011414,0.8976259231567383,0.8142662048339844,0.9975669384002686,0.8158865571022034,0.9993867874145508,0.8970153133074442,0.0038314270245638484,0.8132763703664144,0.006293714385546206,0.9974477489789327,0.0003252385232072614,0.8149744868278503,0.006515457967590409,0.9993569850921631,8.69482232140426e-05,0.8939573764801025,0.8082486391067505,0.9960784316062928,0.8108287453651428,0.9990163445472716,0.904068648815155,0.824931800365448,0.9959592819213868,0.827701985836029,0.9989652633666992,0.9508679509162904,0.9063376784324646,0.9947919249534608,0.9106587767601012,0.998530924320221,0.916297992070516,0.030362328599883467,0.8465060393015543,0.05248286147128916,0.9956098794937135,0.0007108701599401164,0.8497298359870911,0.05343620896721459,0.9988375107447306,0.0002667372274774834,0.8838434219360352,0.7918632626533508,0.9978616833686828,0.7932092547416687,0.9994762539863586,0.8785111904144287,0.7833436727523804,0.9961107969284058,0.7857468724250793,0.9990546703338624,0.8945696949958801,0.8092502355575562,0.9962853789329528,0.8116993308067322,0.9990674257278442,0.8856414357821146,0.008178846660204865,0.7948190569877625,0.013203788820074872,0.9967526197433472,0.000964435748435278,0.7968851526578268,0.013361013925985066,0.9991994500160217,0.00023980409403219518,0.23556549699426813,77510,329038,large
cju7eea9b2m0z0801ynqv1fqu,0.0051361066289246,0.0025746652390807,0.3333333432674408,0.0025879917666316,0.9993392825126648,0.4888170659542084,0.3234665095806122,0.6177362203598022,0.4044168293476105,0.9680534601211548,0.4351870715618133,0.2781080305576324,0.9953746795654296,0.2784679234027862,0.9998348355293274,0.3097134147149821,0.2651311873871951,0.2013830684591084,0.17366039789771406,0.6488147477308909,0.33211306642388116,0.22849091483900943,0.20552342863201273,0.9890758593877157,0.018207617812061663,0.7462701201438904,0.5952399373054504,0.8618234992027283,0.6580400466918945,0.9865320324897766,0.7509412169456482,0.6012056469917297,0.8523997664451599,0.6710662245750427,0.9851664900779724,0.83409184217453,0.7154009938240051,0.8928254842758179,0.782608687877655,0.988007664680481,0.7771010597546896,0.04941069466170303,0.6372821927070618,0.0677185922696024,0.8690162499745687,0.02115091991569994,0.7039049863815308,0.06846988242617429,0.9865687290827433,0.0014209427365085548,0.737721860408783,0.58443683385849,0.8575837016105652,0.6472567319869995,0.9862787127494812,0.7112622857093811,0.551906168460846,0.9505050778388976,0.5682367086410522,0.9962227940559388,0.6047077775001526,0.4333915114402771,0.922029674053192,0.4498792290687561,0.9951435923576356,0.6845639745394388,0.07041155038416137,0.523244837919871,0.07949702043089249,0.910039484500885,0.047606922019460735,0.5551242232322693,0.0993399346675694,0.9925483663876852,0.005456426177791536,0.9452404379844666,0.8961668014526367,0.9486488699913024,0.9418564438819884,0.9934917688369752,0.7463095784187317,0.5952901840209961,0.9595987200737,0.6105934977531433,0.9967183470726012,0.9104729890823364,0.8356589078903198,0.9391966462135316,0.8834540843963623,0.9926989078521729,0.8673410018285116,0.10624804923027346,0.7757052977879842,0.15914619459008003,0.9491480787595113,0.01021019399887356,0.8119680086771647,0.17682329918816886,0.9943030079205831,0.0021289796968874883,0.11344180293988478,140519,1238688,medium
