image_id,split,valid,image_height,image_width,mask_height,mask_width,same_shape,foreground_fraction,connected_components,empty_mask,full_mask
cju0qkwl35piu0993l0dewei2,internal_val,True,529,622,529,622,True,0.28277281043526886,1,False,False
cju0qoxqj9q6s0835b43399p4,internal_train,True,1070,1348,1070,1348,True,0.27059471976482985,1,False,False
cju0qx73cjw570799j4n5cjze,internal_train,True,529,619,529,619,True,0.3188263282139923,1,False,False
cju0roawvklrq0799vmjorwfv,internal_train,True,528,622,528,622,True,0.10849654097242521,3,False,False
cju0rx1idathl0835detmsp84,internal_train,True,528,617,528,617,True,0.07276779136584648,1,False,False
cju0s2a9ekvms080138tjjpxr,internal_val,True,547,626,547,626,True,0.20712162185840863,2,False,False
cju0s690hkp960855tjuaqvv0,official_test,True,530,621,530,621,True,0.0366238264515541,1,False,False
cju0sr5ghl0nd08789uzf1raf,official_test,True,1019,1214,1019,1214,True,0.13352965807806536,2,False,False
cju0sxqiclckk08551ycbwhno,official_test,True,531,570,531,570,True,0.043506128787127896,1,False,False
cju0t4oil7vzk099370nun5h9,official_test,True,530,622,530,622,True,0.33988958320694046,1,False,False
cju0tl3uz8blh0993wxvn7ly3,official_test,True,529,622,529,622,True,0.00527294719758812,1,False,False
cju0u2g7pmnux0801vkk47ivj,official_test,True,530,611,530,611,True,0.29237871722817527,2,False,False
cju0u82z3cuma0835wlxrnrjv,official_test,True,546,626,546,626,True,0.24693091785743543,1,False,False
cju0ue769mxii08019zqgdbxn,official_test,True,547,626,547,626,True,0.04773933917797338,1,False,False
cju0vtox5ain6099360pu62rp,official_test,True,531,622,531,622,True,0.04454678123542912,1,False,False
cju13cgqmnhwn0988yrainhcp,official_test,True,546,626,546,626,True,0.12427880958232396,1,False,False
cju13fwthn9mq0835gacxgy01,official_test,True,529,623,529,623,True,0.1384634990760604,1,False,False
cju13hp5rnbjx0835bf0jowgx,official_test,True,531,622,531,622,True,0.10654228810531606,1,False,False
cju14g8o4xui30878gkgbrvqj,official_test,True,531,622,531,622,True,0.02580219327726004,1,False,False
cju14hjh2ob2o0835ouz3r5aa,official_test,True,546,609,546,609,True,0.1254744161148102,1,False,False
cju14pxbaoksp0835qzorx6g6,official_test,True,530,622,530,622,True,0.07176788206030456,1,False,False
cju15czxqp3lv0835jvhgzurz,official_test,True,547,620,547,620,True,0.27298755676121955,1,False,False
cju15jr8jz8sb0855ukmkswkz,official_test,True,528,594,528,594,True,0.31392523722069177,2,False,False
cju15l5ubz9yh0855b3ivdpse,official_test,True,547,626,547,626,True,0.03482544929940249,1,False,False
cju15mhjczc8z0801kit5c6di,official_test,True,546,624,546,624,True,0.1346858269935193,1,False,False
cju15ptjtppz40988odsm9azx,official_test,True,529,622,529,622,True,0.0594885697092737,1,False,False
cju15wdt3zla10801odjiw7sy,official_test,True,529,622,529,622,True,0.16356469465532855,2,False,False
cju160wshltz10993i1gmqxbe,official_test,True,530,607,530,607,True,0.02652077958409748,1,False,False
cju16ach3m1da0993r1dq3sn2,official_test,True,528,616,528,616,True,0.2665289256198347,1,False,False
cju16b6ynq8e40988m8vx0xnj,official_test,True,530,571,530,571,True,0.018431748339556554,1,False,False
cju16d65tzw9d0799ouslsw25,official_test,True,530,481,530,481,True,0.046722629741497664,1,False,False
cju16fpvhzypl0799p9phnlx6,official_test,True,546,626,546,626,True,0.10568584769862725,1,False,False
cju16jgnyzp970878melv7r25,official_test,True,529,560,529,560,True,0.1164461247637051,1,False,False
cju16whaj0e7n0855q7b6cjkm,official_test,True,547,626,547,626,True,0.26006798628592787,1,False,False
cju171py4qiha0835u8sl59ds,internal_val,True,530,616,530,616,True,0.36637160009801517,2,False,False
cju175facms5f0993a5tjikvt,internal_train,True,528,621,528,621,True,0.23014870931537598,1,False,False
cju17bz250pgd0799u1hqkj5u,internal_train,True,547,626,547,626,True,0.0905812126557289,1,False,False
cju17g6ykn1cs0993dww6qdi8,internal_train,True,510,605,510,605,True,0.3139912493923189,2,False,False
cju17hw9hr9c5098800fu4u8e,internal_train,True,528,623,528,623,True,0.024070966486696824,1,False,False
cju17otoe119u0799nqcbl8n1,internal_train,True,511,519,511,519,True,0.6168795176634277,1,False,False
cju17r8il13910799dr2wme2e,internal_train,True,531,622,531,622,True,0.01205636395565002,1,False,False
cju17v6ih0u7808783zcbg1jy,internal_train,True,528,622,528,622,True,0.35082943583747445,2,False,False
cju17x0j4nfc10993y31pvlgs,internal_train,True,526,459,526,459,True,0.7025646760605383,2,False,False
cju17z0qongpa0993de4boim4,internal_train,True,529,622,529,622,True,0.05080264285584036,1,False,False
cju1819curo000988pd5xcqme,internal_val,True,529,600,529,600,True,0.10738185255198487,1,False,False
cju183od81ff608017ekzif89,internal_train,True,511,622,511,622,True,0.15256322323670252,2,False,False
cju1871y11d6r0799k6cw4yze,internal_train,True,531,480,531,480,True,0.15286801632140615,1,False,False
cju18849rrsgr0988p90hkygb,internal_train,True,528,619,528,619,True,0.11467359377294757,1,False,False
cju18gzrq18zw0878wbf4ftw6,internal_train,True,546,626,546,626,True,0.07648129293496705,1,False,False
cju18ibp219ub08783i6o98g7,internal_train,True,528,615,528,615,True,0.018526730721852673,1,False,False
cju18kevfrojc0835bn90f1in,internal_train,True,528,621,528,621,True,0.053423730054164835,1,False,False
cju1alwgo30z60855fm3y23sm,internal_train,True,529,622,529,622,True,0.08492332192634286,1,False,False
cju1amqw6p8pw0993d9gc5crl,internal_train,True,547,622,547,622,True,0.02447727152489169,1,False,False
cju1aqqv02qwz0878a5cyhr67,internal_train,True,547,626,547,626,True,0.05602735805526514,1,False,False
cju1ats0y372e08011yazcsxm,internal_train,True,528,623,528,623,True,0.15589583637336446,2,False,False
cju1b0y2e396p08558ois175d,internal_train,True,546,626,546,626,True,0.04037788622453159,1,False,False
cju1b3zgj3d8e0801kpolea6c,internal_train,True,528,601,528,601,True,0.14173662582564414,1,False,False
cju1b75x63ddl0799sdp0i2j3,internal_train,True,530,549,530,549,True,0.06721998831494656,1,False,False
cju1bhnfitmge0835ynls0l6b,internal_train,True,531,622,531,622,True,0.08191182080767344,1,False,False
cju1bm8063nmh07996rsjjemq,internal_train,True,530,607,530,607,True,0.2437350408753225,1,False,False
cju1brhsj3rls0855a1vgdlen,internal_train,True,530,570,530,570,True,0.03987090367428004,1,False,False
cju1c0qb4tzi308355wtsnp0y,internal_train,True,530,622,530,622,True,0.34902626948977733,1,False,False
cju1c3218411b08014g9f6gig,internal_train,True,546,626,546,626,True,0.1589427611791829,2,False,False
cju1c4fcu40hl07992b8gj0c8,internal_train,True,546,626,546,626,True,0.054392093529473724,1,False,False
cju1c6yfz42md08550zgoz3pw,internal_train,True,530,536,530,536,True,0.2676710785694171,2,False,False
cju1c8ffau5770835g0g343o8,internal_train,True,529,622,529,622,True,0.03561594709425659,1,False,False
cju1cbokpuiw70988j4lq1fpi,internal_train,True,529,615,529,615,True,0.0421227350269722,1,False,False
cju1cdxvz48hw0801i0fjwcnk,internal_val,True,505,577,505,577,True,0.06428608198774817,1,False,False
cju1cfhyg48bb0799cl5pr2jh,internal_train,True,547,626,547,626,True,0.164171694575699,1,False,False
cju1cj3f0qi5n0993ut8f49rj,internal_train,True,530,616,530,616,True,0.23469125214408235,1,False,False
cju1cnnziug1l0835yh4ropyg,internal_train,True,531,570,531,570,True,0.19269171044371758,1,False,False
cju1cqc7n4gpy0855jt246k68,internal_train,True,529,616,529,616,True,0.034508261115066406,1,False,False
cju1csmlc4ht10799b8ymmghg,internal_train,True,546,612,546,612,True,0.13081771170006465,1,False,False
cju1cu1u2474n0878tt7v4tdr,internal_train,True,531,621,531,621,True,0.0205761316872428,2,False,False
cju1cvkfwqrec0993wbp1jlzm,internal_train,True,531,622,531,622,True,0.0421034146577773,1,False,False
cju1cyjb5qtie0993njqne9m3,internal_train,True,547,626,547,626,True,0.5072337641857124,1,False,False
cju1d31sp4d4k0878r3fr02ul,internal_train,True,529,622,529,622,True,0.08219111470407674,1,False,False
cju1d50a94qf50855wsowacrc,internal_train,True,530,622,530,622,True,0.06060183219074198,1,False,False
cju1d96gsv62d09881b3wecw2,internal_train,True,528,622,528,622,True,0.25277392088083406,1,False,False
cju1ddr6p4k5z08780uuuzit2,internal_val,True,531,570,531,570,True,0.03175075164370436,1,False,False
cju1dfeupuzlw0835gnxip369,internal_val,True,1070,1348,1070,1348,True,0.07127624171496713,1,False,False
cju1dg44i4z3w0801nyz4p6zf,internal_train,True,528,623,528,623,True,0.008840410525803784,1,False,False
cju1dhfok4mhe0878jlgrag0h,internal_train,True,546,626,546,626,True,0.06101885335112172,1,False,False
cju1dia8hvc6v098827mgffnm,internal_train,True,528,616,528,616,True,0.04244760920897284,1,False,False
cju1djtprvd7b0988thwwrg09,internal_val,True,529,590,529,590,True,0.059680881740412035,1,False,False
cju1dnz61vfp40988e78bkjga,internal_train,True,547,627,547,627,True,0.05806647248002006,1,False,False
cju1dq3x1vgx109889c7wyirg,internal_train,True,513,617,513,617,True,0.10824558244160735,1,False,False
cju1drnhbrb9409935wi7vkhg,internal_train,True,529,619,529,619,True,0.3652882415995065,2,False,False
cju1efbr0rqxz09931z0lf4vf,internal_train,True,529,622,529,622,True,0.06004169731155672,1,False,False
cju1egh885m1l0855ci1lt37c,internal_train,True,531,566,531,566,True,0.02487805527273695,1,False,False
cju1egx9pvz2n0988eoy8jp23,internal_train,True,529,622,529,622,True,0.015849233219263428,1,False,False
cju1ejj7dvqfa0835ra184v5m,internal_train,True,547,619,547,619,True,0.1495571379207485,1,False,False
cju1erep75us208553i4ofwwe,internal_train,True,547,613,547,613,True,0.1771221343767428,1,False,False
cju1euant5l960878iqj5vvto,internal_train,True,531,622,531,622,True,0.058044337868851464,1,False,False
cju1euuc65wm00799m4sjdnnn,internal_train,True,530,570,530,570,True,0.0376266137040715,1,False,False
cju1ewnoh5z030855vpex9uzt,internal_train,True,529,622,529,622,True,0.10186665369957269,1,False,False
cju1expq45zst0855rjqwwj4m,internal_train,True,529,622,529,622,True,0.28221360450768607,1,False,False
cju1f15k3w4ct0835cmde6ypo,internal_train,True,547,572,547,572,True,0.1308759795962721,1,False,False
cju1f320ewfyu0988ndz6blh5,internal_train,True,530,571,530,571,True,0.10870700194957539,1,False,False
cju1f5x1164xv08555654c24r,internal_train,True,530,622,530,622,True,0.1219165200509616,2,False,False
cju1f79yhsb5w0993txub59ol,internal_train,True,528,623,528,623,True,0.010734349919743178,1,False,False
cju1f8w0t65en0799m9oacq0q,internal_train,True,528,622,528,622,True,0.09240110104258015,1,False,False
cju1fb9236a110801yvg0fwju,internal_val,True,547,626,547,626,True,0.3166005688886812,2,False,False
cju1ffnjn6ctm08015perkg37,internal_train,True,547,626,547,626,True,0.20877163266378912,1,False,False
cju1fj6axwfp30835ukhuzhw9,internal_train,True,547,576,547,576,True,0.24395693682713793,2,False,False
cju1fjsb4sipq09931lvd8e41,internal_train,True,530,622,530,622,True,0.06953224534368743,1,False,False
cju1fm3id6gl50801r3fok20c,internal_train,True,531,622,531,622,True,0.026492512459050144,1,False,False
cju1fmsyf6gxb0801cimx2gle,internal_train,True,531,570,531,570,True,0.07944956553341924,1,False,False
cju1fr4etsmrr09933u4t4aql,internal_train,True,521,570,521,570,True,0.27968818399164896,2,False,False
cju1ftaji6isw0855108yqcse,internal_train,True,502,562,502,562,True,0.14647105528065674,1,False,False
cju1fuoa4wmc50835qfd11sp9,internal_train,True,528,621,528,621,True,0.08186331918215976,2,False,False
cju1fyb1d69et0878muzdak9u,internal_train,True,528,622,528,622,True,0.09883805904706226,1,False,False
cju1g20bdwq6u0835e16xugcd,internal_train,True,531,622,531,622,True,0.19490919880586893,1,False,False
cju1g4nsb6ngy0799l4ezm8ab,internal_train,True,529,568,529,568,True,0.10346388348997577,1,False,False
cju1gghyjwxt80835vx0wgxw0,internal_train,True,529,621,529,621,True,0.20968070889990836,1,False,False
cju1gi7jlwyld0835cdf6g6qz,internal_train,True,529,611,529,611,True,0.04720019553305963,1,False,False
cju1gkndf6yi10801o1qnje19,internal_train,True,528,623,528,623,True,0.10575356291648426,1,False,False
cju1gv7106qd008784gk603mg,internal_train,True,531,622,531,622,True,0.1496720983886497,1,False,False
cju1h5w4wxajx0835mc954kxy,internal_train,True,528,622,528,622,True,0.08458174997564065,1,False,False
cju1h89h6xbnx08352k2790o9,internal_train,True,531,570,531,570,True,0.08395942775960617,1,False,False
cju1haab178i70799tk9z8y8x,internal_train,True,531,525,531,525,True,0.10371446507039728,1,False,False
cju1hhj6mxfp90835n3wofrap,internal_train,True,530,622,530,622,True,0.03566705090092823,1,False,False
cju1hirfi7ekp0855q0vgm9qq,internal_train,True,529,605,529,605,True,0.046696558296489554,1,False,False
cju1hmff8tkp809931jps6fbr,internal_train,True,530,587,530,587,True,0.39063353797692135,2,False,False
cju1hp9i2xu8e0988u2dazk7m,internal_train,True,531,490,531,490,True,0.12834082785656636,1,False,False
cju1hs0za7jha0855vj0mdrjt,internal_train,True,531,571,531,571,True,0.17473557145260074,1,False,False
cju1hyolc7aqu0878rrkfn1lr,internal_train,True,1070,1348,1070,1348,True,0.07646426689592058,1,False,False
cju2hdr06v2bq0799mbm3bks1,internal_train,True,530,621,530,621,True,0.235724485765503,2,False,False
cju2hewssldzx0835ep795xu0,internal_train,True,530,576,530,576,True,0.042348008385744235,1,False,False
cju2hfqnmhisa0993gpleeldd,internal_val,True,530,621,530,621,True,0.01881931151824507,2,False,False
cju2hgsptlfam0835o3b59h1o,internal_train,True,528,530,528,530,True,0.02468553459119497,1,False,False
cju2hjrqcvi2j0801bx1i6gxg,internal_val,True,531,599,531,599,True,0.015487205606330701,2,False,False
cju2hlm19vjjf0801o69qnber,internal_train,True,530,570,530,570,True,0.14835815954981793,1,False,False
cju2hos57llxm08359g92p6jj,internal_train,True,529,622,529,622,True,0.13458931795111811,1,False,False
cju2hqt33lmra0988fr5ijv8j,internal_train,True,528,602,528,602,True,0.14969986408939898,1,False,False
cju2htabevq9108015qjei0x7,internal_train,True,487,332,487,332,True,0.45711387645035995,1,False,False
cju2hugv9vget0799hhk7ksvg,internal_train,True,529,613,529,613,True,0.016020254288771636,1,False,False
cju2hw5gjlr5h0988so2qqres,internal_train,True,530,621,530,621,True,0.19546987512533043,1,False,False
cju2hx006vidl0799igm81vmh,internal_train,True,528,622,528,622,True,0.025458564747149956,1,False,False
cju2i03ptvkiu0799xbbd4det,internal_train,True,528,600,528,600,True,0.08089015151515151,1,False,False
cju2i3hzclw3o0988rrgh911i,internal_train,True,531,598,531,598,True,0.3110084462332067,2,False,False
cju2i6acqvo6l0799u20fift8,internal_train,True,546,623,546,623,True,0.13842096907907503,1,False,False
cju2i8br1vqtd08784u6vmcjk,internal_train,True,531,622,531,622,True,0.18609854609091625,1,False,False
cju2iatlki5u309930zmgkv6h,internal_train,True,522,621,522,621,True,0.2402070569653445,2,False,False
cju2igw4gvxds0878808qj398,internal_train,True,546,626,546,626,True,0.4387675689592623,2,False,False
cju2ij9uiic2l09933ljiv6gm,internal_train,True,530,617,530,617,True,0.036420904559493594,1,False,False
cju2lberzkdzm09938cl40pog,internal_train,True,528,605,528,605,True,0.21028675181567744,1,False,False
cju2lcyfgkf5809932fn9gucn,internal_train,True,530,571,530,571,True,0.06364867990615604,1,False,False
cju2lejzcy4pc0878c9rlonot,internal_train,True,530,571,530,571,True,0.2176089614380597,1,False,False
cju2lyynuymli0855g7fxgbhe,internal_val,True,519,612,519,612,True,0.045436800282091,1,False,False
cju2lz8vqktne0993fuym6drw,internal_train,True,531,613,531,613,True,0.05935736383382027,1,False,False
cju2m56cryvqd0801gtn2yp8t,internal_val,True,546,616,546,616,True,0.03988570952856667,1,False,False
cju2m71z2ywwv080131bcrsd3,internal_train,True,531,570,531,570,True,0.08903426173720554,1,False,False
cju2ma647l0nj0993ot4deq2q,internal_train,True,547,621,547,621,True,0.12820331658261871,3,False,False
cju2mfjndoz700988b9lc3zeq,internal_train,True,531,622,531,622,True,0.09561526210934898,1,False,False
cju2mh8t6p07008350e01tx2a,internal_train,True,528,588,528,588,True,0.06225198412698413,1,False,False
cju2nbdpmlmcj0993s1cht0dz,internal_train,True,530,584,530,584,True,0.25396097182734556,1,False,False
cju2nd7l7z98o0799gfjvyfmw,internal_train,True,1070,1348,1070,1348,True,0.18551332538339943,1,False,False
cju2nfnvxzdkd0878399axlco,internal_train,True,546,598,546,598,True,0.12118845480049494,1,False,False
cju2nguelpmlj0835rojdn097,internal_train,True,529,591,529,591,True,0.16602855050073728,1,False,False
cju2nnqrqzp580855z8mhzgd6,internal_train,True,518,569,518,569,True,0.5774643586594378,2,False,False
cju2np2k9zi3v079992ypxqkn,internal_train,True,531,603,531,603,True,0.10053936219717483,1,False,False
cju2nqapmzvk20801f9us40dx,internal_train,True,547,626,547,626,True,0.13244476114268358,3,False,False
cju2nsmwjlzyl0993jl80chvz,internal_train,True,547,625,547,625,True,0.04799122486288848,1,False,False
cju2ntxtdzlvu0799xl3j9pan,internal_train,True,547,626,547,626,True,0.02691123817978985,1,False,False
cju2nyc5f02m40801ojqbtiea,internal_train,True,531,622,531,622,True,0.09726536717108411,2,False,False
cju2oi8sq0i2y0801mektzvw8,internal_train,True,1070,1348,1070,1348,True,0.7633732216644943,2,False,False
cju2okvco06xc0799kxe5n1qh,internal_train,True,530,577,530,577,True,0.3316798011837415,1,False,False
cju2omjpeqj5a0988pjdlb8l1,internal_train,True,530,566,530,566,True,0.2619907993866258,1,False,False
cju2oo0wh0bqy0878biujeyhe,internal_train,True,530,621,530,621,True,0.08231094096557591,1,False,False
cju2oq5570avm079959o20op1,internal_train,True,547,626,547,626,True,0.19853280455110944,2,False,False
cju2osuru0ki00855txo0n3uu,internal_train,True,528,594,528,594,True,0.1759036067748189,1,False,False
cju2otvvv0l7z0855x7we8cb0,internal_train,True,531,571,531,571,True,0.07307363761992869,1,False,False
cju2ouil2mssu0993hvxsed6d,internal_train,True,511,605,511,605,True,0.030224321133412044,1,False,False
cju2p0eveqtdc0835gpi3p93i,internal_val,True,528,622,528,622,True,0.11042397447140212,1,False,False
cju2p4ddkmzxj0993p94o62av,internal_train,True,529,592,529,592,True,0.08470214070403106,1,False,False
cju2p91qir00k08350ddfif0w,internal_train,True,1070,1348,1070,1348,True,0.050933192822873626,1,False,False
cju2pag1f0s4r0878h52uq83s,internal_train,True,530,570,530,570,True,0.05385302879841112,1,False,False
cju2phaksnahz0993yxogjcpv,internal_train,True,528,622,528,622,True,0.04769560557341908,1,False,False
cju2pjb9v0ywn0878j5g5n69j,internal_val,True,529,622,529,622,True,0.08960059324454926,1,False,False
cju2pkwt3r8b90988v2ywq1px,internal_train,True,530,622,530,622,True,0.06499423648607656,1,False,False
cju2pmhtr17a00855cvpelzb0,internal_train,True,530,622,530,622,True,0.101665352181035,1,False,False
cju2qdj95ru8g09886gfi9rsz,internal_train,True,531,571,531,571,True,0.4281021500588718,2,False,False
cju2qfie4rvz508357kad9z5o,internal_train,True,529,622,529,622,True,0.103094475410135,1,False,False
cju2qh5le1ock0878oahaql7d,internal_train,True,530,622,530,622,True,0.1417339076624401,1,False,False
cju2qn2fzs1vy0988l243cvzy,internal_train,True,547,597,547,597,True,0.20701619002997926,1,False,False
cju2qozsk20cq0855ugrg3cri,internal_train,True,546,626,546,626,True,0.1051884749967817,1,False,False
cju2qqn5ys4uo0988ewrt2ip2,internal_train,True,546,626,546,626,True,0.5136601949700991,1,False,False
cju2qs32r1vys07999conmbvx,internal_train,True,528,622,528,622,True,0.01636339277014518,1,False,False
cju2qtee81yd708787bsjr75d,internal_train,True,530,511,530,511,True,0.1111065982350552,1,False,False
cju2qu37qobl50993aw7ghcfq,internal_train,True,528,543,528,543,True,0.045820776829064123,1,False,False
cju2qvuj1s9ok0835tp2k4ozh,internal_train,True,531,605,531,605,True,0.3105072294594637,1,False,False
cju2qxxko229x08786gvxxhur,internal_train,True,530,484,530,484,True,0.3606580383595821,1,False,False
cju2qz06823a40878ojcz9ccx,internal_train,True,530,603,530,603,True,0.10744078350386432,1,False,False
cju2r11x7sdgx0988o8ule0wl,internal_train,True,528,622,528,622,True,0.13883002046185325,1,False,False
cju2r2obh2bjm08553kng0rh7,internal_val,True,458,474,458,474,True,0.2026421977779006,1,False,False
cju2r6mt2om21099352pny5gw,internal_train,True,528,608,528,608,True,0.30492735745614036,1,False,False
cju2r7h21sj9608354gzks3ae,internal_train,True,530,614,530,614,True,0.03315407780714154,1,False,False
cju2r91dg2k090801bh0xzbxk,internal_train,True,1070,1348,1070,1348,True,0.04688565961341135,1,False,False
cju2raxlosl630988jdbfy9b0,internal_train,True,528,557,528,557,True,0.32865118872749033,2,False,False
cju2rga4psq9n09881z519xx0,internal_val,True,529,622,529,622,True,0.05474747597541925,1,False,False
cju2ricdv2iys0878sv1adh0u,internal_val,True,530,616,530,616,True,0.7449491546189659,2,False,False
cju2rkjfwoxys0993x768l1j2,internal_train,True,401,597,401,597,True,0.27740113702343805,1,False,False
cju2rlqdnoz9k0993cpjae3x0,internal_train,True,531,592,531,592,True,0.17470224461749886,1,False,False
cju2rmd2rsw9g09888hh1efu0,internal_train,True,531,570,531,570,True,0.0069118181517824695,1,False,False
cju2rn0hasxri0835nfy3buay,internal_train,True,531,622,531,622,True,0.03330487280566304,1,False,False
cju2rnkt22xep0801as160g9t,internal_train,True,454,558,454,558,True,0.03084095179448313,2,False,False
cju2ro5jqsy680988pi6qsujw,internal_val,True,531,622,531,622,True,0.21652708897245385,2,False,False
cju2rpa30t07b0835im0erql0,internal_train,True,529,621,529,621,True,0.1002407848795619,1,False,False
cju2rqo702wpx0855fn7d5cxh,internal_train,True,529,621,529,621,True,0.02907987300195733,1,False,False
cju2rxm8rpbaf0993o3qr2oph,internal_train,True,531,571,531,571,True,0.04441937856405487,1,False,False
cju2rz4k434s70855wwx3ddtx,internal_train,True,530,612,530,612,True,0.15139351338019486,2,False,False
cju2rzpsmtb0f0835jabkbao1,internal_train,True,528,528,528,528,True,0.0304178145087236,1,False,False
cju2s16zp317h0799gr67jqc2,internal_train,True,531,622,531,622,True,0.284871715685384,1,False,False
cju2s2527pfyr0993l3h1149a,internal_train,True,529,622,529,622,True,0.027990688005640686,1,False,False
cju2s9g11pnra0993gn4eh793,internal_train,True,530,622,530,622,True,0.4737972456470303,2,False,False
cju2saez63gxl08559ucjq3kt,internal_train,True,530,557,530,557,True,0.13290877680295382,1,False,False
cju2sevf53lkx08558h5bpaig,internal_train,True,547,626,547,626,True,0.23424312690189297,1,False,False
cju2sggy13na70855tbeoqgha,internal_train,True,530,559,530,559,True,0.2529449488642117,1,False,False
cju2spdagu1l50835da1f46fr,internal_train,True,525,465,525,465,True,0.04323604710701485,1,False,False
cju2srvy5440s0801y1ba9akr,internal_train,True,528,622,528,622,True,0.31751802591834744,2,False,False
cju2sszfq3uye0878sucelzk2,internal_train,True,531,622,531,622,True,0.6168334938022659,2,False,False
cju2suk42469908015ngmq6f2,internal_train,True,528,609,528,609,True,0.09426158133054685,1,False,False
cju2sxf3iqbpv09937iksn8ep,internal_train,True,529,622,529,622,True,0.17526243169481945,1,False,False
cju2syxa93yw40799x2iuwabz,internal_train,True,474,602,474,602,True,0.021394928298078136,1,False,False
cju2t16vuucaq0835xcpsivn2,internal_val,True,531,622,531,622,True,0.06639175008023447,1,False,False
cju2t2ivz43i10878zeg8r1br,internal_val,True,528,607,528,607,True,0.03570715391143727,1,False,False
cju2t3ibkuecr0835o7si16zv,internal_train,True,530,613,530,613,True,0.038197543784049985,1,False,False
cju2t62nq45jl0799odpufwx6,internal_train,True,528,622,528,622,True,0.19995676215531522,1,False,False
cju2t9tdwuk700835kv0ljmtl,internal_train,True,473,605,473,605,True,0.16295493858438315,1,False,False
cju2ti1du4idn0878giuozonw,internal_train,True,530,571,530,571,True,0.10684664441727522,1,False,False
cju2tjrog4jy30878pawyazqc,internal_val,True,530,622,530,622,True,0.11739974519201601,1,False,False
cju2top2ruxxy0988p1svx36g,internal_train,True,530,570,530,570,True,0.20291294273419397,1,False,False
cju2tpfa5uyx408359datxqqj,internal_train,True,528,622,528,622,True,0.10155108155510084,1,False,False
cju2tqfgw4oat0799rn0g5b2z,internal_val,True,529,614,529,614,True,0.12207902563376292,1,False,False
cju2trbpkv0c00988hxla5dzz,internal_train,True,531,610,531,610,True,0.1777252940631657,1,False,False
cju2trtjf4qjd0878a2zle9v9,internal_train,True,528,598,528,598,True,0.028776477146042364,1,False,False
cju2tvrvm53ws0801a0jfjdxg,internal_train,True,531,568,531,568,True,0.13244675207554177,1,False,False
cju2txjfzv60w098839dcimys,internal_train,True,430,551,430,551,True,0.08810619170219051,1,False,False
cju2tzypl4wss0799ow05oxb9,internal_train,True,531,622,531,622,True,0.27257918990438473,2,False,False
cju2u2b9o4zvp08788qb9nqxj,internal_train,True,527,564,527,564,True,0.2413433458489779,1,False,False
cju2u4pymvc720988wsxrmi84,internal_train,True,530,541,530,541,True,0.31164510166358594,1,False,False
cju2u73dj53oz0878486k8k4b,internal_train,True,529,524,529,524,True,0.13960158155240335,1,False,False
cju2ueb6j5ado0878vf5md13o,internal_train,True,1070,1348,1070,1348,True,0.09750963698383205,2,False,False
cju2ulk385h170799rlklxob0,internal_train,True,528,596,528,596,True,0.32298975493186904,2,False,False
cju2uokeg5jm20799xwgsyz89,internal_train,True,530,570,530,570,True,0.311770936775902,1,False,False
cju2upu4evw7g08358guwozxv,internal_val,True,528,616,528,616,True,0.0505737160566706,1,False,False
cju2urqpwvxw70835rvndvtsi,internal_train,True,474,626,474,626,True,0.031413030290775266,1,False,False
cju2uwz9f5yf1085506cfamfx,internal_val,True,1011,1220,1011,1220,True,0.26253749736505,1,False,False
cju2uy8ox62jo0801g88hh42z,internal_train,True,528,622,528,622,True,0.06399201013348924,1,False,False
cju2uzabhs6er0993x3aaf87p,internal_train,True,528,612,528,612,True,0.10119268667062785,1,False,False
cju2wtwj87kys0855kx6mddzw,internal_train,True,547,626,547,626,True,0.4114250836686895,1,False,False
cju2wve9v7esz0878mxsdcy04,internal_train,True,529,620,529,620,True,0.05493017866943106,1,False,False
cju2wx0gh7fpz0878wwyd9ep8,internal_train,True,529,616,529,616,True,0.05904917388849336,1,False,False
cju2wxv0hxs2f09884w48v8fi,internal_train,True,529,622,529,622,True,0.017077054929825735,1,False,False
cju2wzu8wxtgu09880ku9x1pg,internal_val,True,529,622,529,622,True,0.1591700654635635,2,False,False
cju2x7vw87mu30878hye2ca0m,internal_train,True,1070,1348,1070,1348,True,0.20242380542998975,1,False,False
cju2xa3i4y0160988i679zsqd,internal_train,True,528,619,528,619,True,0.10541807411758947,1,False,False
cju2xbk0080y80801eghyddi2,internal_train,True,529,621,529,621,True,0.074354127284184,1,False,False
cju2xd75m82720801q4s4ik3n,internal_train,True,1011,1220,1011,1220,True,0.11193753952424965,1,False,False
cju2xf8e5y2wm08359vcgk09b,internal_train,True,530,571,530,571,True,0.35174966130258073,1,False,False
cju2xjz2ju8pe0993ysv9wg17,internal_train,True,530,593,530,593,True,0.15500334086353368,1,False,False
cju2xlcqxy9c60988vjacdznb,internal_train,True,529,621,529,621,True,0.1871516457692179,1,False,False
cju2xs6na81t20878pt6nkfip,internal_train,True,531,570,531,570,True,0.23547427891763306,1,False,False
cju2xwm1s84l50799i60mq0pu,internal_train,True,547,626,547,626,True,0.04621198404308134,1,False,False
cju2xyd9vyi7m098831qcucse,internal_train,True,528,622,528,622,True,0.22282105622137777,1,False,False
cju2y0z6g87p10878fpk5d3rq,internal_train,True,530,554,530,554,True,0.2339554526258429,1,False,False
cju2y26c588bo07993ksd8eoz,internal_train,True,530,621,530,621,True,0.07353629265032054,1,False,False
cju2y40d8ulqo0993q0adtgtb,internal_train,True,529,617,529,617,True,0.13328717221263936,1,False,False
cju2y5zas8m7f0801d34g5owq,internal_train,True,479,586,479,586,True,0.2715661895159854,3,False,False
cju2y8s56ymqr083541ggdsml,internal_val,True,530,615,530,615,True,0.09281484890320602,1,False,False
cju2yb31a8e8u0878wdashg7o,internal_train,True,531,621,531,621,True,0.17197825025549582,1,False,False
cju2ycp1u8g2r0799jslnp7cz,internal_train,True,531,617,531,617,True,0.10197267014012887,1,False,False
cju2yg5ht8i4p087800js8hp4,internal_train,True,546,626,546,626,True,0.17343093541176607,1,False,False
cju2yi9tz8vky0801yqip0xyl,internal_train,True,528,616,528,616,True,0.26177562967335694,1,False,False
cju2yljr0yzhw0988ecf271ly,internal_train,True,1009,1220,1009,1220,True,0.2263773578774635,1,False,False
cju2yo1j1v0qz09934o0e683p,internal_train,True,546,626,546,626,True,0.3059573546793994,2,False,False
cju2ysg748ru80878sp6j0gm0,internal_train,True,547,572,547,572,True,0.30491811661829943,2,False,False
cju2yv4imv6cz099314jveiib,internal_train,True,529,621,529,621,True,0.11003351506351425,1,False,False
cju2yw4s7z7p20988lmf2gdgd,internal_train,True,530,571,530,571,True,0.07706770644020751,1,False,False
cju2yyhsp933j0855hp32e012,internal_train,True,435,593,435,593,True,0.1995503091624508,1,False,False
cju2z1nxlzaj40835wj81s1iy,internal_train,True,531,622,531,622,True,0.22076891868161147,1,False,False
cju2z2x3nvd3c099350zgty7w,internal_train,True,530,553,530,553,True,0.06556689071616227,1,False,False
cju2z45kuzf6d0988nz2c819m,internal_train,True,529,562,529,562,True,0.034473827607316564,1,False,False
cju2z6ez69g4u0801qwt088lw,internal_train,True,538,626,538,626,True,0.3060382198890697,2,False,False
cju2z9vlp9j0w0801oag91sy9,internal_train,True,531,622,531,622,True,0.0677814715909435,1,False,False
cju2zblxw9848087853csbrx1,internal_val,True,530,586,530,586,True,0.09250434670616266,1,False,False
cju2zdhsczmn50988z64qwg2q,internal_train,True,530,598,530,598,True,0.1396762794219726,2,False,False
cju2zdvjn9h7r08553cp4eed5,internal_train,True,415,401,415,401,True,0.061725205059640055,1,False,False
cju2zgbj9zmrw0835nnlzxj4c,internal_train,True,528,623,528,623,True,0.3102959774308089,1,False,False
cju2zi4l09f5807991s8do2b2,internal_train,True,530,622,530,622,True,0.1016107504701814,1,False,False
cju2zjcvj9qma0801dk71hhi0,internal_train,True,528,622,528,622,True,0.36877618630030207,2,False,False
cju2zkpdl9h7t0799ix60teqg,internal_train,True,528,611,528,611,True,0.04648675792292813,1,False,False
cju2zm0axztpe0988r8s9twjr,internal_train,True,528,623,528,623,True,0.07029463981711173,1,False,False
cju2zo0fwzv580988qlijd2xa,internal_train,True,530,616,530,616,True,0.08244302866944377,2,False,False
cju2zp89k9q1g0855k1x0f1xa,internal_train,True,530,622,530,622,True,0.026894376023782078,1,False,False
cju2zpw4q9vzr0801p0lysjdl,internal_val,True,546,605,546,605,True,0.03182575000756819,1,False,False
cju2zr3c3vwb00993jn06bbaz,internal_train,True,531,575,531,575,True,0.05145664455907639,1,False,False
cju2zrojo9kcd0878ld2epejq,internal_train,True,531,621,531,621,True,0.04314467583115745,1,False,False
cju2zwg05a0oy0801yr73ig7g,internal_train,True,531,599,531,599,True,0.11755625351731856,1,False,False
cju2zxja9w1eh09933609ho9z,internal_train,True,530,584,530,584,True,0.03777138795554407,1,False,False
cju2zy1e49pqk0878t6ncqn12,internal_train,True,529,622,529,622,True,0.03248257040220279,1,False,False
cju300m3s04fg0988uzupuf7z,internal_train,True,529,622,529,622,True,0.17215944662926472,1,False,False
cju302fqq9spc0878rrygyzzz,internal_val,True,528,592,528,592,True,0.22145654176904178,1,False,False
cju303j5r062k098835zxfds5,internal_train,True,546,626,546,626,True,0.08248194829664478,1,False,False
cju30525w04r10835ygp257sb,internal_train,True,530,622,530,622,True,0.09545895771400838,1,False,False
cju306x7w05nb0835cunv799x,internal_train,True,546,626,546,626,True,0.15900127561469415,1,False,False
cju30ajhw09sx0988qyahx9s8,internal_val,True,530,622,530,622,True,0.2827155250864527,3,False,False
cju30bmab08bi0835mvlr6e0r,internal_train,True,530,622,530,622,True,0.09775829642662137,1,False,False
cju30df2j09dd08351ayx2t6w,internal_val,True,530,622,530,622,True,0.11113571558575502,1,False,False
cju30ftgja7170855xl9bkdm0,internal_train,True,531,595,531,595,True,0.29333903052746524,1,False,False
cju30gxjq0djk0988jytm49rs,internal_train,True,530,622,530,622,True,0.08027664866832494,1,False,False
cju30ia8da2bq0799klnehml2,internal_train,True,531,571,531,571,True,0.4436199089053136,2,False,False
cju30j1rgadut0801vuyrsnt8,internal_val,True,530,570,530,570,True,0.02445878848063555,1,False,False
cju30k2z40ds308353kdew70n,internal_train,True,528,618,528,618,True,0.08732654212023144,1,False,False
cju30lncba3ny0878jwnous8n,internal_train,True,530,570,530,570,True,0.06883151274412447,1,False,False
cju30mm25a53s0799qa5wiqe8,internal_train,True,529,622,529,622,True,0.02465672657869304,1,False,False
cju30nyxe0gfb0835p256yoju,internal_train,True,530,622,530,622,True,0.5087120063095311,1,False,False
cju30ov1oah920801mi8thuyg,internal_train,True,530,571,530,571,True,0.03127911971714635,1,False,False
cju30qbm1ad3x0855znuhpz9u,internal_train,True,529,622,529,622,True,0.3077395316042524,2,False,False
cju30u1hbakn808019g15nb8b,internal_train,True,528,510,528,510,True,0.07102644087938205,1,False,False
cju30xqmh0ni00835ix3batv1,internal_train,True,529,622,529,622,True,0.20257842559218084,1,False,False
cju30ywtc0oar0835bp2en7ec,internal_train,True,1062,1348,1062,1348,True,0.1394749562719688,1,False,False
cju310f6val1v0855xo8tc3gu,internal_train,True,531,622,531,622,True,0.5764346830889967,1,False,False
cju3128yi0rpu0988o4oo5n8n,internal_train,True,531,622,531,622,True,0.04055322421445916,1,False,False
cju31rb7vb6110801p9rhacuw,internal_train,True,530,622,530,622,True,0.052278104713947705,1,False,False
cju31t8xd17bk0835rnb893jk,internal_train,True,529,622,529,622,True,0.005786565685422352,2,False,False
cju31ugmfb3dz0855xtqshki6,internal_train,True,544,612,544,612,True,0.08139898116109189,1,False,False
cju31w6goazci0799n014ly1q,internal_val,True,547,627,547,627,True,0.1259005915986576,1,False,False
cju31y80qbawn0801twwm2l5s,internal_train,True,495,569,495,569,True,0.18966821110933588,1,False,False
cju320gyvbch60801v2amdi2g,internal_train,True,503,616,503,616,True,0.2075340166791459,1,False,False
cju323ypb1fbb0988gx5rzudb,internal_train,True,530,604,530,604,True,0.3800074971885543,2,False,False
cju324q101fhe08350wae9cif,internal_train,True,530,618,530,618,True,0.09823838309824755,1,False,False
cju326h4v1gxw08352px40p7r,internal_train,True,528,616,528,616,True,0.38582251082251084,2,False,False
cju3280wv1ir009882jze27tc,internal_train,True,530,571,530,571,True,0.14636685060965535,1,False,False
cju32a52lb9rc0799xi40qs00,internal_train,True,529,621,529,621,True,0.35360979455661795,4,False,False
cju32csyfblyh080170aa3x5p,internal_train,True,547,626,547,626,True,0.12018795521315803,1,False,False
cju32fhnhbds40799broyoptc,internal_val,True,530,621,530,621,True,0.05101327742837177,1,False,False
cju32gzs6xo8x0993r8tedbpb,internal_train,True,547,626,547,626,True,0.13133793973518057,3,False,False
cju32jcdabepz0878d0cznmfe,internal_train,True,530,622,530,622,True,0.1412364254079961,1,False,False
cju32l161bi1v07990vm376in,internal_train,True,529,622,529,622,True,0.032160419161312674,2,False,False
cju32phw2bv130801yj7bkouq,internal_val,True,547,626,547,626,True,0.5619673969546349,2,False,False
cju32pzh9bpw10855q4vaxfhe,internal_train,True,546,621,546,621,True,0.055004040511286885,1,False,False
cju32qr9tbvsj08013pkpjenq,official_test,True,546,615,546,615,True,0.06668453497721791,1,False,False
cju32srle1xfq083575i3fl75,official_test,True,547,626,547,626,True,0.06323191850990882,1,False,False
cju32upim1z7u0988l883nqp6,official_test,True,479,570,479,570,True,0.1343039226458631,1,False,False
cju32zhbnc1oy0801iyv1ix6p,official_test,True,531,622,531,622,True,0.25251754561253714,1,False,False
cju330ofbc2l30801th5g3hw6,official_test,True,529,495,529,495,True,0.03978155849611426,1,False,False
cju33231uy4gi0993qc7b1jch,official_test,True,529,622,529,622,True,0.05771065955907828,1,False,False
cju334jzo261t0835yqudnfs1,official_test,True,528,623,528,623,True,0.20013132934481248,2,False,False
cju336l68y7if0993wf092166,official_test,True,530,583,530,583,True,0.22595876889219715,1,False,False
cju3381d8bz3h07991xtl7ra0,official_test,True,528,567,528,567,True,0.050110897333119554,1,False,False
cju33belnbyhm0878yxl42233,official_test,True,528,613,528,613,True,0.06691198279697463,2,False,False
cju33eqwbcch208012jikwdky,official_test,True,547,626,547,626,True,0.13928719533207562,1,False,False
cju33jon3ygbj0993pu22a4k6,official_test,True,547,626,547,626,True,0.04125611088072612,1,False,False
cju33mirdc8mj0799k33wzoes,official_test,True,547,626,547,626,True,0.16999491855079404,1,False,False
cju33o12x2jm50988944mxq0v,official_test,True,530,622,530,622,True,0.033564885033064366,1,False,False
cju33qpdvc9g0087825jhf3s9,official_test,True,531,622,531,622,True,0.034116300615837376,1,False,False
cju33w4sdcivk0855x879zht7,official_test,True,547,617,547,617,True,0.07566837235073288,1,False,False
cju33x0f22peh0988g0ln7w5v,official_test,True,528,597,528,597,True,0.02674356631643064,1,False,False
cju33yemn2qb20988wfjxximx,internal_train,True,511,622,511,622,True,0.042895526708238686,1,False,False
cju33za6l2qy70988jhrlp2ev,internal_train,True,546,626,546,626,True,0.05727100375662676,1,False,False
cju34aozyyy830993bn16u32n,internal_train,True,530,609,530,609,True,0.26566905226631965,1,False,False
cju34c1xfyz920993itxkkfad,internal_train,True,508,570,508,570,True,0.2574319657411245,1,False,False
cju34ds2531520988qjpqt6e3,internal_train,True,531,617,531,617,True,0.182069853827676,1,False,False
cju34eqjpcpm508788b3lhp97,internal_train,True,531,557,531,557,True,0.10004834886921124,1,False,False
cju34fojcctcf0799ebolbvkn,internal_train,True,547,626,547,626,True,0.027603366606117598,1,False,False
cju34i3qvcyog0855qiejxx5w,internal_train,True,529,622,529,622,True,0.28687871917529284,1,False,False
cju34m7h536wq0988xz7gx79v,internal_train,True,531,617,531,617,True,0.10324240676134751,2,False,False
cju34o6dbd2lo0855aqlcy1hs,internal_train,True,476,623,476,623,True,0.046464653277041155,2,False,False
cju34ouumcznz07996gg1xq7v,internal_train,True,547,626,547,626,True,0.17591451483841575,1,False,False
cju34repocy5208780gswillm,internal_train,True,529,622,529,622,True,0.22410177547882007,2,False,False
cju34sh43d8zm08019xbwhc0o,internal_train,True,530,620,530,620,True,0.11721241631162507,1,False,False
cju34uhepd3dd0799hs8782ad,internal_train,True,546,626,546,626,True,0.02481889782209271,1,False,False
cju34xspwzenf0993cyzajv9n,internal_train,True,547,626,547,626,True,0.1890503530731086,2,False,False
cju34ymm8d6700799uop0cw33,internal_train,True,531,621,531,621,True,0.04826065728382931,1,False,False
cju34zivp3fq80988opxbaqyn,internal_val,True,528,580,528,580,True,0.07259012539184953,1,False,False
cju3518w2d838079939fqztbc,internal_train,True,529,623,529,623,True,0.17030224506701216,2,False,False
cju3521y5d5mq0878t3ezsu4p,internal_train,True,530,622,530,622,True,0.0610477461627131,1,False,False
cju353d1eda8c07992afde611,internal_train,True,528,622,528,622,True,0.09158506284712073,2,False,False
cju35740hzm0g0993zl5ic246,internal_train,True,474,557,474,557,True,0.043735654387200874,1,False,False
cju357rxxdaz30878y2esjpjt,internal_train,True,531,558,531,558,True,0.03337180811210336,1,False,False
cju358pwtdby20878cg7nm0np,internal_val,True,528,581,528,581,True,0.04468197465185417,1,False,False
cju35a77vdj4n08556jj2lgmc,internal_val,True,530,570,530,570,True,0.27125786163522014,1,False,False
cju35atpxdjot0855q46aqrd0,internal_train,True,546,626,546,626,True,0.07924610001287317,2,False,False
cju35c4wzdhow0799h6eq4sgs,internal_train,True,531,599,531,599,True,0.12211815675215126,2,False,False
cju35eg0tdmjt085525sb4bua,internal_train,True,528,599,528,599,True,0.07698436788587039,1,False,False
cju35fxqyzt5p0993vusm54qz,internal_train,True,531,613,531,613,True,0.1591966894314338,1,False,False
cju35i2e63uxr0835h7zgkg9k,internal_train,True,531,614,531,614,True,0.1724728095842765,1,False,False
cju35k2fr3vc50988c85qkrwg,internal_train,True,530,570,530,570,True,0.06522343594836147,2,False,False
cju35ldepdtlm0801yv79y8vu,internal_train,True,547,626,547,626,True,0.04923457020868986,1,False,False
cju35mdz73x890835eynq1h9v,internal_train,True,529,570,529,570,True,0.14063277285842204,1,False,False
cju35oyvd3y850988km12hdz1,internal_train,True,506,590,506,590,True,0.0889997990219066,1,False,False
cju3tp94kfstl08181awh6z49,internal_val,True,530,593,530,593,True,0.6082089789684686,1,False,False
cju3tsh4lfsok0987w6x3a0v1,internal_train,True,530,622,530,622,True,0.3726809440029121,1,False,False
cju3ttznuftyf09875t11850w,internal_train,True,547,626,547,626,True,0.10136907091249978,1,False,False
cju3tvffffx5f0818t5ov22al,internal_train,True,530,622,530,622,True,0.22772856882848996,1,False,False
cju3tx1qyg0c907552fglumhc,internal_train,True,529,622,529,622,True,0.07843774883144196,1,False,False
cju3u1c8tfyqx08503iedc3mx,internal_train,True,528,622,528,622,True,0.15233727954789048,1,False,False
cju3u39fog1bo0871lxjrabks,internal_val,True,1010,1205,1010,1205,True,0.08679347602810074,2,False,False
cju3u4lxmg59o0755rz42b9en,internal_train,True,528,622,528,622,True,0.13381503946214557,1,False,False
cju3u815rg4ek0850vvhtcvcm,internal_train,True,546,595,546,595,True,0.44836703912334164,1,False,False
cju3ua8u0g9rg0801uayhdxhu,internal_train,True,530,622,530,622,True,0.1408299460049748,1,False,False
cju3uhb79gcgr0871orbrbi3x,internal_train,True,531,622,531,622,True,0.04604247279597435,10,False,False
cju3ul8dogf1z09872y2ecowp,internal_train,True,531,609,531,609,True,0.04753555425676992,1,False,False
cju3umoh1geet0817cmpef5am,internal_train,True,531,599,531,599,True,0.10733205688073971,2,False,False
cju3uwz6ogsp10801h2r3bj5l,internal_train,True,531,622,531,622,True,0.06885933838356313,1,False,False
cju3uz4o6gr9z0850lhxyxvsj,internal_train,True,1070,1348,1070,1348,True,0.20677223439363265,1,False,False
cju3v0fl3gwce0755qkjhzmd4,internal_train,True,530,621,530,621,True,0.21811442287242122,1,False,False
cju3v11mrgwwb0755u242ygye,internal_train,True,530,622,530,622,True,0.07410362191348663,1,False,False
cju3v3ac9gyz30755hfqwyp1i,internal_train,True,530,578,530,578,True,0.07346086048181759,1,False,False
cju3v56bwgy8v0871w14pz8fx,internal_train,True,531,570,531,570,True,0.15872402286318432,2,False,False
cju3v664kh0px0818y4y7wolf,internal_val,True,531,621,531,621,True,0.061267441190474024,1,False,False
cju3v72v5h1qz0818fggilwtq,internal_train,True,529,622,529,622,True,0.035719278624353416,1,False,False
cju3wstckialg0871xs0vevsj,internal_train,True,529,564,529,564,True,0.3305447183901111,1,False,False
cju3x2s11ibzi0817kk284k0j,internal_train,True,530,622,530,622,True,0.10052174968149002,1,False,False
cju3x4blzieu30850x10uuvbm,internal_train,True,1011,1210,1011,1210,True,0.07066401811478693,2,False,False
cju3x5u2tiihx0818914gzxy1,internal_train,True,530,622,530,622,True,0.24017169204635078,2,False,False
cju3x7xsaijq80818f0psavav,internal_train,True,531,590,531,590,True,0.12544926425995084,1,False,False
cju3x9lttikfb0818a0g104zn,internal_val,True,530,622,530,622,True,0.05375538433537584,1,False,False
cju3xeexgii1j0817zs68tb4g,internal_train,True,528,622,528,622,True,0.3385614586378252,1,False,False
cju3xga12iixg0817dijbvjxw,internal_train,True,530,622,530,622,True,0.29098768428077415,1,False,False
cju3xhpvvimda0987ygrpzni2,internal_train,True,530,622,530,622,True,0.08816962931505187,1,False,False
cju3xiic0ilzp0850lusrb42j,internal_train,True,530,571,530,571,True,0.028113537983676436,1,False,False
cju3xjqtpikx50817tppy6g84,internal_train,True,530,622,530,622,True,0.1468543347691561,1,False,False
cju3xl264ingx0850rcf0rshj,internal_train,True,531,622,531,622,True,0.10170399840136611,1,False,False
cju3xtufwiv9c0818djsc4cqd,internal_train,True,530,615,530,615,True,0.05517103850283786,1,False,False
cju3xuj20ivgp0818mij8bjrd,internal_train,True,527,622,527,622,True,0.02981140594397701,1,False,False
cju3xvoo2iqlc0817eku2r3wl,internal_train,True,530,446,530,446,True,0.0510914628987224,2,False,False
cju3xwpgviwlx0871rwm15q7v,internal_train,True,547,626,547,626,True,0.0702086898622168,1,False,False
cju3xzvnzj0hd0755xprz39nj,internal_train,True,513,625,513,625,True,0.3549785575048733,2,False,False
cju3y0pjrj1c30755nxekxccj,internal_train,True,531,570,531,570,True,0.03810420590081607,1,False,False
cju3y21quj0ir0818kgjagr15,internal_train,True,546,626,546,626,True,0.2618959847394352,1,False,False
cju3y54kwj3nr0801biidlb4e,internal_train,True,546,620,546,620,True,0.5798209854661468,2,False,False
cju3y79ofj3va0871uqfb1mzo,internal_train,True,530,598,530,598,True,0.1081245661639427,1,False,False
cju3y9difj6th0801kd1rqm3w,internal_train,True,529,597,529,597,True,0.09960641265559049,2,False,False
cju3ya7goj6at0818v2l5ay7f,internal_train,True,547,626,547,626,True,0.033771194607823095,2,False,False
cju3yb47cj1xq0817zfotbni4,internal_train,True,547,626,547,626,True,0.12916518214367068,1,False,False
cju3yht87j83m08507yk1u1fg,internal_train,True,530,570,530,570,True,0.4302350215160543,1,False,False
cju3ykamdj9u208503pygyuc8,internal_train,True,1010,1220,1010,1220,True,0.016681545203700698,2,False,False
cju40jl7skiuo0817p0smlgg8,internal_train,True,506,601,506,601,True,0.316685629352923,1,False,False
cju40m0rjkpw80871z6n6yg1u,internal_val,True,528,586,528,586,True,0.2146841710621574,2,False,False
cju40poe4kt9s0755f9cnm3h5,internal_train,True,1070,1348,1070,1348,True,0.27798469175517904,1,False,False
cju40r6jrksyk0871wg98zgho,internal_val,True,528,622,528,622,True,0.16687067621553153,1,False,False
cju40sdwukv3k0755y99ug1k8,internal_train,True,528,615,528,615,True,0.10149667405764967,1,False,False
cju40taxlkrho0987smigg0x0,internal_train,True,393,622,393,622,True,0.10184662461238883,1,False,False
cju40u30gkuzc0871rq7t666d,internal_train,True,546,626,546,626,True,0.0663056325995623,1,False,False
cju40w3hbkwpn08015rbs3wko,internal_train,True,528,621,528,621,True,0.06796223100570926,1,False,False
cju40wto5kxwi0755it190f2k,internal_train,True,1070,1348,1070,1348,True,0.05269350231564935,1,False,False
cju410dnfl0960755y8lu8d79,internal_train,True,546,626,546,626,True,0.20934124448501445,1,False,False
cju412uwlkva50850d1ps1ww7,internal_train,True,547,616,547,616,True,0.40649706783161993,1,False,False
cju414lf2l1lt0801rl3hjllj,internal_train,True,528,610,528,610,True,0.1457836562344759,4,False,False
cju418rckl3ur08012psrx1r1,internal_train,True,530,622,530,622,True,0.13591882545653097,1,False,False
cju41kd7yl4nm0850gil5qqwh,internal_train,True,531,535,531,535,True,0.0757625358607459,1,False,False
cju41lojblbs307555jdci937,internal_train,True,547,626,547,626,True,0.059648620707781624,1,False,False
cju41nz76lcxu0755cya2qefx,internal_train,True,514,586,514,586,True,0.18346701903029175,1,False,False
cju41p90plcsx08018cnzpndc,internal_train,True,529,622,529,622,True,0.02438016277755153,1,False,False
cju41r6v2lcww0871ps8k8pf5,internal_train,True,529,594,529,594,True,0.19191600949634977,1,False,False
cju41s6nbleqy0755e2mslg0b,internal_train,True,530,561,530,561,True,0.09108061749571184,1,False,False
cju41z76wlgbz0801qdetlvby,internal_train,True,421,592,421,592,True,0.10383096873595686,1,False,False
cju422cm8lfxn0818ojicxejb,internal_train,True,531,571,531,571,True,0.09888489813687949,2,False,False
cju424hy5lckr085073fva1ok,internal_train,True,530,576,530,576,True,0.11080974842767295,1,False,False
cju426tomlhll0818fc0i7nvh,internal_train,True,528,611,528,611,True,0.05626022913256956,1,False,False
cju428k5fldt108177s6g6f45,internal_train,True,530,622,530,622,True,0.21351089000788692,1,False,False
cju42dwedlmk60871jbgu4ehi,internal_train,True,531,621,531,621,True,0.161949470964455,1,False,False
cju42g865lorv07552ytz6xxa,internal_train,True,527,599,527,599,True,0.2161540581551162,1,False,False
cju42m60jlpcm08186kqppzqv,internal_train,True,547,626,547,626,True,0.07963565425118713,2,False,False
cju42nm68lpyo0818xvvqmupq,internal_train,True,530,504,530,504,True,0.16531521413596886,1,False,False
cju42py9mlqyd0818u3d1d7ga,internal_train,True,433,545,433,545,True,0.10489226010127763,2,False,False
cju42qet0lsq90871e50xbnuv,internal_train,True,531,598,531,598,True,0.07518785153272994,1,False,False
cju42romflni20817etb9a0fl,internal_train,True,528,622,528,622,True,0.09280912014030986,1,False,False
cju42tauqlo5p08171l3cuo4b,internal_train,True,547,627,547,627,True,0.05676606340514741,1,False,False
cju42u5bjlvi10801dc13sskp,internal_train,True,528,541,528,541,True,0.12156920405534084,1,False,False
cju42wamblrqn098798r2yyok,internal_val,True,547,621,547,621,True,0.2278950916579086,1,False,False
cju42xpi8lw4w0871ve317a1p,internal_val,True,530,465,530,465,True,0.0876648407384865,1,False,False
cju430pm2lz0y0755jkhcc3d1,internal_train,True,547,626,547,626,True,0.2251695276588537,3,False,False
cju439oazm2fu0871ma0vvrft,internal_train,True,531,622,531,622,True,0.16822896797282322,1,False,False
cju43b8daly4408170e5ev06g,internal_train,True,531,600,531,600,True,0.1935310734463277,1,False,False
cju43c92lm5cj0755lorsorfg,internal_train,True,529,591,529,591,True,0.043254360460467184,3,False,False
cju43eigtm6ev0801mv0m96t1,internal_train,True,528,619,528,619,True,0.41169163362216676,2,False,False
cju43gfosm63n08714rpih8pe,internal_train,True,530,622,530,622,True,0.2666019535278772,1,False,False
cju43h43am1dy08176gwfhmnt,internal_train,True,530,594,530,594,True,0.027844482561463695,1,False,False
cju43in5fm22c08175rxziqrk,internal_train,True,530,616,530,616,True,0.2873499142367067,2,False,False
cju43jcqim2cp08172dvjvyui,internal_train,True,547,626,547,626,True,0.030091524493169246,1,False,False
cju43kj2pm34f0850l28ahpni,internal_val,True,528,622,528,622,True,0.012155315209977589,1,False,False
cju43lcnum9y10755bjs7z87f,internal_train,True,528,590,528,590,True,0.040260657421674374,1,False,False
cju43mkj9m8wb0871qiadahub,internal_train,True,547,626,547,626,True,0.10031481622092038,1,False,False
cju43o6n7m9nk087191ijwqq9,internal_train,True,530,618,530,618,True,0.0793887769432741,1,False,False
cju45jpvfn6c809873pv1i34s,internal_val,True,530,593,530,593,True,0.1278914378440294,1,False,False
cju45lbgznahl08180xz1h7u6,internal_train,True,527,622,527,622,True,0.09497733332519814,1,False,False
cju45n0oxn5vu08500yfrt9jn,internal_train,True,530,622,530,622,True,0.09652672450403446,1,False,False
cju45ofd9ne1j0801ri8dup7t,internal_train,True,530,622,530,622,True,0.5786507310562398,2,False,False
cju45pm27n80u08174kyow1gj,internal_train,True,547,626,547,626,True,0.13234546845705009,1,False,False
cju45qbf3n9sa0987oonbkly9,internal_train,True,531,621,531,621,True,0.0831779130313479,1,False,False
cju45rj7ln8980850a7821fov,internal_train,True,546,585,546,585,True,0.10710372248833787,2,False,False
cju45t5ddnbio0987qtqzx762,internal_train,True,530,618,530,618,True,0.12142639066984186,1,False,False
cju45ty6zn9oz0850qy4qnck1,internal_train,True,531,551,531,551,True,0.11451529661871414,1,False,False
cju45v0pungu40871acnwtmu5,internal_train,True,530,606,530,606,True,0.14370135126720218,1,False,False
cju5b9oyda4yr0850g9viziyv,internal_train,True,528,622,528,622,True,0.07229245834551301,1,False,False
cju5bbtwsa8cl0987wgfsqpao,internal_train,True,531,595,531,595,True,0.10076120843817753,1,False,False
cju5bdwa3aatx0818b79i18zf,internal_train,True,530,622,530,622,True,0.07178001577382757,1,False,False
cju5bf6hxa6m50817rbwettgu,internal_train,True,531,622,531,622,True,0.0869136071599421,1,False,False
cju5bhv81abur0850ean02atv,internal_train,True,531,611,531,611,True,0.16427023711553101,1,False,False
cju5bj926aiec07559rshy4wa,internal_train,True,529,612,529,612,True,0.04036472812187257,1,False,False
cju5bmhdcafs909878qfzrqzi,internal_train,True,528,561,528,561,True,0.15128220709771512,1,False,False
cju5boicjagt20871b1fotkh4,internal_train,True,529,622,529,622,True,0.31651055501188313,2,False,False
cju5buy2bal250818ipl6fqwv,internal_train,True,430,569,430,569,True,0.15963951444803204,1,False,False
cju5bwhapakm90987c1v4z46a,internal_train,True,529,622,529,622,True,0.0340295041910053,1,False,False
cju5bycdkalkb09875f7bfrvx,internal_train,True,530,603,530,603,True,0.2525704809286899,1,False,False
cju5c5xc7algd0817pb1ej5yo,internal_train,True,528,599,528,599,True,0.15369365609348914,1,False,False
cju5c7oijaqmq09878qwgqv8n,internal_train,True,546,547,546,547,True,0.13642847098057337,1,False,False
cju5ca9hcatkc0801jzwe7tfx,internal_train,True,546,626,546,626,True,0.1581177076384744,1,False,False
cju5ccpvqash50850kb4bs22k,internal_train,True,482,592,482,592,True,0.16081291353594257,1,False,False
cju5cetivauok0987ok3e5bre,internal_val,True,529,623,529,623,True,0.13677643696122488,1,False,False
cju5chrxxawka0871qcj171yz,internal_train,True,528,601,528,601,True,0.15216747340291434,1,False,False
cju5cjh3xattc0817j2vbulzi,internal_train,True,528,617,528,617,True,0.06480833456117087,2,False,False
cju5cky5xb0ay0801oxet697t,internal_train,True,528,622,528,622,True,0.0545649420247491,1,False,False
cju5clr68b48r0755cmuvponm,internal_train,True,526,601,526,601,True,0.08560194352884609,1,False,False
cju5cu8qkb84x08186jwo8yin,internal_train,True,530,622,530,622,True,0.0399987866286477,1,False,False
cju5ddda9bkkt0850enzwatb1,internal_train,True,530,618,530,618,True,0.03431031324418392,1,False,False
cju5eftctcdbj08712gdp989f,internal_train,True,530,605,530,605,True,0.26764072976765946,1,False,False
cju5ekty5ckzf07550c9u3ckk,internal_train,True,546,625,546,625,True,0.1498080586080586,1,False,False
cju5enq1tcn1i0755hnkon787,internal_train,True,547,626,547,626,True,0.1447424522957053,1,False,False
cju5eq8c8ck690850vix98hv3,internal_train,True,530,622,530,622,True,0.30914578656797914,1,False,False
cju5es375cnzy0801nkq35ffs,internal_train,True,528,621,528,621,True,0.0647843165959108,1,False,False
cju5ew4h9cqaf0818rrczkmqh,internal_train,True,530,570,530,570,True,0.2424627606752731,1,False,False
cju5eyfe9cpk90987laa7tsl3,internal_train,True,530,622,530,622,True,0.27258994115148943,1,False,False
cju5f0dezct4q08183ydw11dx,internal_train,True,546,626,546,626,True,0.10140844246275556,1,False,False
cju5f26ebcuai0818xlwh6116,internal_val,True,546,598,546,598,True,0.07841155500018376,1,False,False
cju5f8hxdcxxn08188obby0ea,internal_train,True,520,615,520,615,True,0.1296998123827392,1,False,False
cju5fb86jd1jp0755b1ukbhq5,internal_train,True,424,560,424,560,True,0.2928360849056604,1,False,False
cju5fi0yxd3ei0801v7u0yudn,internal_train,True,547,626,547,626,True,0.02073172868565688,1,False,False
cju5fs6j6d8350801vglraq4u,internal_val,True,547,626,547,626,True,0.22728387778822623,1,False,False
cju5ft6mcd5q40987rhjgbrr6,internal_train,True,530,622,530,622,True,0.1329642662136747,1,False,False
cju5fu081d8gc0818l3yylujk,internal_train,True,531,570,531,570,True,0.0557306637592097,1,False,False
cju5fw37edaae0801vkwvocn7,internal_train,True,530,559,530,559,True,0.09255408917541431,1,False,False
cju5fydrud94708507vo6oy21,internal_train,True,546,626,546,626,True,0.3391906283280085,1,False,False
cju5g163vd6mt0817uccuga6u,internal_val,True,547,545,547,545,True,0.04649212552203009,1,False,False
cju5gucasds9d0801019axylx,internal_train,True,546,626,546,626,True,0.020892579199288466,1,False,False
cju5h57xedz5h0755mjpc8694,internal_train,True,528,622,528,622,True,0.3814856767027185,2,False,False
cju5hi52odyf90817prvcwg45,internal_train,True,352,568,352,568,True,0.21254801536491677,1,False,False
cju5hjxaae3i40850h5z2laf5,internal_train,True,530,622,530,622,True,0.16446945337620578,1,False,False
cju5hl8nee8a40755fm8qjj0o,internal_train,True,531,617,531,617,True,0.04945563094616744,1,False,False
cju5hqz50e7o90850e0prlpa0,internal_train,True,528,595,528,595,True,0.20581232492997198,1,False,False
cju5ht88gedbu0755xrcuddcx,internal_val,True,547,619,547,619,True,0.1986278511369107,1,False,False
cju5huurrecm70801y680y13m,internal_train,True,520,603,520,603,True,0.10727452481183825,1,False,False
cju5hwonqedw10801vsd3w6kk,internal_train,True,531,529,531,529,True,0.11290179032321226,1,False,False
cju5hyi9yegob0755ho3do8en,internal_train,True,529,623,529,623,True,0.08857682959762354,2,False,False
cju5i39mreass0817au8p22zy,internal_train,True,546,623,546,623,True,0.18845360097366518,1,False,False
cju5i5oh2efg60987ez6cpf72,internal_train,True,528,621,528,621,True,0.29411262382276876,1,False,False
cju5jx7jzf7c90871c2i9aiov,internal_train,True,528,622,528,622,True,0.1729148397154828,1,False,False
cju5jz5fff8c50871hbe6108f,internal_train,True,530,552,530,552,True,0.14240155865463494,1,False,False
cju5k3j3uf6de0817hszzfr7n,internal_train,True,530,547,530,547,True,0.03558000758856197,1,False,False
cju5k503sfa5f0871lx0rpu5y,internal_train,True,529,622,529,622,True,0.15594247472936257,1,False,False
cju5k7r0yf98c09878csbxb4d,internal_train,True,528,622,528,622,True,0.019213436616973594,1,False,False
cju5klveuff6w0871wbibgh3m,internal_train,True,530,574,530,574,True,0.0378739070409572,1,False,False
cju5knbbqfipk080128cggukq,internal_train,True,529,597,529,597,True,0.40762729843293344,1,False,False
cju5kre09fhka0850h7b1898j,internal_train,True,528,618,528,618,True,0.057651760321663234,1,False,False
cju5ktjwofed70817eg58ef7u,internal_train,True,547,625,547,625,True,0.10673199268738574,1,False,False
cju5nxkujgscq0817l9gss626,internal_train,True,531,570,531,570,True,0.16024052598539665,2,False,False
cju5nyu31gv8e0871zpk74a2n,internal_train,True,529,616,529,616,True,0.04860923575479341,1,False,False
cju5o1vu9gz8a0818eyy92bns,internal_train,True,547,421,547,421,True,0.17865967249562503,1,False,False
cju5o4pk9h0720755lgp9jq8m,internal_train,True,530,622,530,622,True,0.24322028756901048,2,False,False
cju5tenjojp1j0755ms4949h2,internal_val,True,531,570,531,570,True,0.19769385799715863,1,False,False
cju5tgbzhjllu08174ca41eus,internal_val,True,531,622,531,622,True,0.09462822678801751,1,False,False
cju5thdbrjp1108715xdfx356,internal_train,True,530,622,530,622,True,0.023842747072741612,1,False,False
cju5u4pywk81x0817vn9pe14z,internal_train,True,531,570,531,570,True,0.04092906465787822,1,False,False
cju5u6wf0kh1t0755bg1ssixv,internal_train,True,530,571,530,571,True,0.40201566269041406,1,False,False
cju5u8gz4kj5b07552e2wpkwp,internal_val,True,531,571,531,571,True,0.2610017776986224,1,False,False
cju5udcufki0s09874ll1dbr5,internal_train,True,531,570,531,570,True,0.18134932434664816,1,False,False
cju5ufn3skquf0818dhapnhba,internal_train,True,530,570,530,570,True,0.03783184376034426,1,False,False
cju5uget8krjy0818kvywd0zu,internal_train,True,529,608,529,608,True,0.03732526614267237,1,False,False
cju5uhrdwkmsu0817ervv91l8,internal_train,True,547,626,547,626,True,0.017484273790819516,1,False,False
cju5ukkg6kv7u08011x2b6zl5,internal_train,True,510,622,510,622,True,0.16306033667486286,1,False,False
cju5uxjnol2r509871qv2yeia,internal_train,True,531,620,531,620,True,0.06156065852621347,1,False,False
cju5uzmaol56l0817flxh4w9p,internal_train,True,529,623,529,623,True,0.035564847208610084,1,False,False
cju5v8pgplg6k0755rvi2t63h,internal_train,True,530,570,530,570,True,0.04349884144323072,1,False,False
cju5vbo6jldrt0871jf6f1700,internal_train,True,530,619,530,619,True,0.0730911086048709,1,False,False
cju5vcmrqla7i0817x4sp4pqw,internal_val,True,482,612,482,612,True,0.06626461096195048,1,False,False
cju5vgawslbe30987ndeepc1b,internal_train,True,530,622,530,622,True,0.3095734999696657,1,False,False
cju5vi4nxlc530817uoqm2m7a,internal_train,True,530,619,530,619,True,0.2272441856920779,1,False,False
cju5von04litr08718j8po40a,internal_train,True,530,622,530,622,True,0.058687738882484984,1,False,False
cju5vutu7ll8w0871dfp92n9p,internal_train,True,528,605,528,605,True,0.1591472577009767,1,False,False
cju5vwbr4lhqn0987a1pji0ux,internal_train,True,530,570,530,570,True,0.05163190996358821,1,False,False
cju5vxuc5loxw0818u8xgf45p,internal_train,True,546,626,546,626,True,0.10576776790834298,1,False,False
cju5vzjoslpj708186z2fusmz,internal_train,True,496,622,496,622,True,0.05212114925837569,1,False,False
cju5w7xn0lrkq0801f9k0htgx,internal_train,True,530,622,530,622,True,0.09369956925316993,1,False,False
cju5waeduln160817w0agirve,internal_train,True,528,540,528,540,True,0.08918350168350168,1,False,False
cju5wcc90lu020850mjrxppv6,internal_train,True,547,626,547,626,True,0.10515679483210776,1,False,False
cju5wi6bqlxy90755bu227nvb,internal_train,True,530,622,530,622,True,0.08910695868470546,1,False,False
cju5wj0faly5008187n6530af,internal_val,True,530,570,530,570,True,0.08757365110890433,1,False,False
cju5wkonqlrl409877y8zvnub,internal_train,True,547,627,547,627,True,0.16872370389160538,1,False,False
cju5wmvsdlx1j0871npgj8j4b,internal_train,True,530,616,530,616,True,0.03835456995834354,1,False,False
cju5woy82m07m08505dmjg7g1,internal_train,True,1070,1348,1070,1348,True,0.16598907346293573,1,False,False
cju5wphwwlu3m0987hh3ltg88,internal_train,True,531,618,531,618,True,0.04338763644342055,1,False,False
cju5wqonpm0e60801z88ewmy1,internal_train,True,528,622,528,622,True,0.04397471499561532,1,False,False
cju5wrapcm2290818jsh26ppb,internal_train,True,528,622,528,622,True,0.09778451719770048,1,False,False
cju5wrrs0m2af0818vmnajbtw,internal_train,True,547,626,547,626,True,0.022679617547937923,1,False,False
cju5wtdu4m0im0871mix0yvc0,internal_train,True,509,610,509,610,True,0.0998582885117073,1,False,False
cju5wuhm1lwm40987vugqn3vv,internal_train,True,530,613,530,613,True,0.08713102896364923,1,False,False
cju5x00l6m5j608503k78ptee,internal_train,True,529,554,529,554,True,0.3905127172718773,1,False,False
cju5x15djm7ae0755h8czf6nt,internal_train,True,531,622,531,622,True,0.09436178780557221,1,False,False
cju5x28nzm7t907558ocq4bt7,internal_train,True,546,597,546,597,True,0.1385437566342089,1,False,False
cju5x7iskmad90818frchyfwd,internal_train,True,483,522,483,522,True,0.1728500828950604,2,False,False
cju5xjn5mm78b09871spyqhhr,internal_val,True,528,622,528,622,True,0.1647696823540875,1,False,False
cju5xkwzxmf0z0818gk4xabdm,internal_train,True,505,609,505,609,True,0.17135703718155068,1,False,False
cju5xneamme2p0801qdf7fdwv,internal_train,True,527,622,527,622,True,0.05440001952445744,1,False,False
cju5xopi0md7q0871r1sjc1av,internal_train,True,546,568,546,568,True,0.109219419078574,1,False,False
cju5xq3tdm9fn0987pbedxdg5,internal_train,True,529,570,529,570,True,0.03576758531489404,1,False,False
cju5y4hgqmk0i08180rjhbwvp,internal_train,True,547,626,547,626,True,0.1284029647627781,1,False,False
cju5y7buemcw80987p0r30g9f,internal_train,True,530,589,530,589,True,0.14590767850850497,1,False,False
cju5y84q3mdv50817eyp82xf3,internal_val,True,530,611,530,611,True,0.035061606398418925,1,False,False
cju5yclrymlgj0818k426ud6z,internal_val,True,529,622,529,622,True,0.08391128076392393,1,False,False
cju5yeqiwmkgl0801fzv2douc,internal_train,True,531,570,531,570,True,0.2068853867248158,2,False,False
cju5ygh1zmmdi0755uod5e17i,internal_train,True,530,570,530,570,True,0.13688513737173122,1,False,False
cju5yhgznmkzb0801cji2vi8j,internal_train,True,529,568,529,568,True,0.028894539258233713,1,False,False
cju5yimthmlv80850zhoc90c2,internal_train,True,528,590,528,590,True,0.0519774011299435,1,False,False
cju5yjq1pmlgc0801z0t24bly,internal_train,True,530,570,530,570,True,0.12436610393909302,1,False,False
cju5ymyd8mmdc0801ry3by1xr,internal_train,True,528,622,528,622,True,0.03431623307025236,1,False,False
cju6ur9l9v9jq0755paud9uka,internal_train,True,529,561,529,561,True,0.029831282917016266,1,False,False
cju6us80mv1b50871ebyq2wxa,internal_train,True,530,562,530,562,True,0.01298932384341637,1,False,False
cju6ut4l8va6y0755tyw3vfqq,internal_train,True,529,605,529,605,True,0.025999468824696528,1,False,False
cju6uy20suzbl0987rzuhz7z9,internal_train,True,546,626,546,626,True,0.17317054617374106,1,False,False
cju6uzxk0v83p0801rcwnexdu,internal_train,True,547,626,547,626,True,0.29650256116721474,2,False,False
cju6v1m1xv07w09870ah3njy1,internal_train,True,530,565,530,565,True,0.06069460677909501,2,False,False
cju6v3bb2v7xo085090blubyw,internal_train,True,547,626,547,626,True,0.11800351612922066,3,False,False
cju6v4szov55u0871qmqz3v8n,internal_val,True,523,370,523,370,True,0.42959020205674125,2,False,False
cju6v5ilsv8hk0850rb5sgh6o,internal_train,True,530,622,530,622,True,0.030325183522417035,1,False,False
cju6v6g6kvdw007552x6mb0po,internal_train,True,530,570,530,570,True,0.14541542535584243,2,False,False
cju6vgdmivcvb08018fra5lnv,internal_train,True,529,571,529,571,True,0.16185910699565317,1,False,False
cju6vifjlv55z0987un6y4zdo,internal_val,True,529,622,529,622,True,0.6148134865881753,2,False,False
cju6vqarjv7yo0987q4b1btk1,internal_train,True,529,584,529,584,True,0.11382616464251495,1,False,False
cju6vrs1ov8cr098788h8gs6j,internal_train,True,529,621,529,621,True,0.05090271499410975,1,False,False
cju6vta3kvazg0817qbeppjtm,internal_val,True,528,622,528,622,True,0.23535394134268733,1,False,False
cju6vucxvvlda0755j7msqnya,internal_train,True,546,626,546,626,True,0.044699177287036714,2,False,False
cju6vvb8svhed0801jjcquh5e,internal_train,True,530,604,530,604,True,0.015122454079720104,1,False,False
cju6vvxsev9y30987kespucdg,internal_train,True,475,620,475,620,True,0.07513412563667232,1,False,False
cju6w733bveoz0817e600tw72,internal_train,True,530,477,530,477,True,0.09467188797911474,1,False,False
cju6wi3akvn8r0801px8eligc,internal_train,True,530,494,530,494,True,0.6137384462607899,2,False,False
cju6wjm81vgsc0987enk9n3pr,internal_train,True,528,623,528,623,True,0.2623273262318206,1,False,False
cju6wll7wvo3y08502pagos8m,internal_train,True,497,568,497,568,True,0.22286181880012468,1,False,False
cju6wn57mvooj0850rp78hhy7,internal_train,True,531,622,531,622,True,0.3215010203401941,1,False,False
cju6wt9jvvn500871hjn3t3g0,internal_val,True,530,622,530,622,True,0.18395923072256265,1,False,False
cju6wuojavt740818b5qcv3iw,internal_train,True,530,599,530,599,True,0.26984596969792424,1,False,False
cju6x0yqbvxqt0755dhxislgb,internal_train,True,530,622,530,622,True,0.13386822787113997,1,False,False
cju6x35ervu2808015c7eoqe4,internal_train,True,530,622,530,622,True,0.20088272765879997,1,False,False
cju6x4t13vyw60755gtcf9ndu,internal_train,True,529,621,529,621,True,0.21147974636920144,1,False,False
cju6x97w4vwua0850x0997r0a,internal_train,True,547,626,547,626,True,0.07870989597630994,1,False,False
cju6xa0qmvzun0818xjukgncj,internal_train,True,530,575,530,575,True,0.11398851517637408,1,False,False
cju6xifswvwbo0987nibtdr50,internal_train,True,531,618,531,618,True,0.3382943582054986,2,False,False
cju6xlygpw7bs0818n691jsq4,internal_train,True,531,570,531,570,True,0.3113390821686986,1,False,False
cju6xmqd9w0250817l5kxfnsk,internal_train,True,530,494,530,494,True,0.10996868077305019,2,False,False
cju6ywm40wdbo0987pbftsvtg,internal_train,True,528,622,528,622,True,0.14700867192828607,1,False,False
cju6yxyt0wh080871sqpepu47,internal_train,True,528,616,528,616,True,0.07131481208185754,1,False,False
cju6yywx1whbb0871ksgfgf9f,internal_train,True,530,622,530,622,True,0.0838591275859977,1,False,False
cju6z1bzbwfq50817b2alatvr,internal_train,True,547,626,547,626,True,0.42494057040727523,2,False,False
cju6z2616wqbk07555bvnuyr1,internal_train,True,531,554,531,554,True,0.0938764132792157,1,False,False
cju6z600qwh4z081700qimgl9,internal_train,True,530,612,530,612,True,0.047743248242693305,1,False,False
cju6z7e4bwgdd0987ogkzq9kt,internal_train,True,528,623,528,623,True,0.14734726883603289,1,False,False
cju6z9a9kwsl007552s49rx6i,internal_train,True,528,622,528,622,True,0.1557354087498782,3,False,False
cju76erapykj30871x5eaxh4q,internal_val,True,529,621,529,621,True,0.21000033484622949,1,False,False
cju76l27oyrw907551ri2a7fl,internal_train,True,480,396,480,396,True,0.26083228114478113,1,False,False
cju76lsehyia10987u54vn8rb,internal_train,True,546,622,546,622,True,0.05548096062565516,1,False,False
cju76o55nymqd0871h31sph9w,internal_train,True,529,600,529,600,True,0.0065059861373660995,1,False,False
cju77196iyshb0850ycbto50a,internal_train,True,529,622,529,622,True,0.26869540904090106,1,False,False
cju772304yw5t0818vbw8kkjf,internal_train,True,546,622,546,622,True,0.05881123164081364,1,False,False
cju773hsyyosz0817pk1e7sjq,internal_train,True,530,618,530,618,True,0.10838370885998656,1,False,False
cju774fmayxif0818u2g79usw,internal_train,True,530,622,530,622,True,0.05828429290784445,1,False,False
cju7787c5yy3l080159mwqsnj,internal_train,True,530,622,530,622,True,0.05652187101862525,1,False,False
cju77afzlz3kp07550x5nafzs,internal_train,True,528,622,528,622,True,0.5499336207736529,2,False,False
cju77b3wyz4160755qis4ljsb,internal_train,True,530,571,530,571,True,0.04230909030829726,1,False,False
cju77bvg0yv4r0987yh60xmjo,internal_val,True,546,616,546,616,True,0.07702713952713952,1,False,False
cju77g99iyxc00817zqi2ppor,internal_train,True,531,620,531,620,True,0.2699228479436243,1,False,False
cju77idwfz36d0871tzfzz51i,internal_train,True,528,605,528,605,True,0.18989794640621088,1,False,False
cju77j66ez52p08019xygi0co,internal_val,True,530,613,530,613,True,0.03129674659115393,1,False,False
cju77k828z46w0871r0avuoo9,internal_train,True,530,622,530,622,True,0.0966753624946915,1,False,False
cju77q10sz9ug0801449wu1nu,internal_train,True,528,608,528,608,True,0.10181170255183412,1,False,False
cju77re6fz5bb0817vp9redjg,internal_train,True,530,443,530,443,True,0.09035308147706461,1,False,False
cju77t0razbvm080106o56289,internal_train,True,528,570,528,570,True,0.5598750664540139,2,False,False
cju77u1sjz77b0817ft44r3fk,internal_train,True,531,622,531,622,True,0.11695763014635978,1,False,False
cju77vvcwzcm50850lzoykuva,internal_train,True,529,618,529,618,True,0.07820213995999045,1,False,False
cju783tmkzkqu081803g7q5vk,internal_train,True,494,618,494,618,True,0.114320060794256,1,False,False
cju784jpdzeae0987q5ypq883,internal_train,True,531,580,531,580,True,0.10921163711929346,2,False,False
cju785htizjzo08017tvlhtg4,internal_train,True,530,546,530,546,True,0.1024155090192826,1,False,False
cju787jnjzjuj0871p94nck9g,internal_train,True,546,626,546,626,True,0.12612201430092804,1,False,False
cju7adqyj1jcx08712r1ro5gx,internal_train,True,480,622,480,622,True,0.27885852090032154,1,False,False
cju7ae7bq1f820987toc8si1d,internal_train,True,530,509,530,509,True,0.03668680728027579,1,False,False
cju7aez2x1jtj0871ztezs3oi,internal_train,True,510,621,510,621,True,0.028912885605127718,1,False,False
cju7afqon1ip40850ue2308b6,internal_train,True,528,617,528,617,True,0.047366902411472914,1,False,False
cju7agj961l2r0818z29iq8yn,internal_train,True,530,622,530,622,True,0.06496390220226901,1,False,False
cju7ahtkb1jr90801jck4kbds,internal_train,True,546,602,546,602,True,0.13075158507052195,1,False,False
cju7aifyo1p3n07552nxjx51f,internal_train,True,531,622,531,622,True,0.058680158167868667,1,False,False
cju7ajnbo1gvm098749rdouk0,internal_train,True,546,626,546,626,True,0.22670832894475068,2,False,False
cju7aklv31h4309871m29l4e7,internal_train,True,529,615,529,615,True,0.10201177248067377,1,False,False
cju7alcgr1lsr0871riqk84z7,internal_train,True,530,622,530,622,True,0.09766122671843717,1,False,False
cju7amjna1ly40871ugiokehb,internal_train,True,531,552,531,552,True,0.14180927427058598,1,False,False
cju7ap09p1kz10850ldccjebj,internal_train,True,546,626,546,626,True,0.049307189083546914,1,False,False
cju7apr0c1qqm0755s7msqot4,internal_train,True,530,584,530,584,True,0.13228870509175497,1,False,False
cju7aqkue1i2k09879uzcpt8r,internal_train,True,530,621,530,621,True,0.06021936620788138,1,False,False
cju7arvfe1ldu0850erdmphgj,internal_train,True,529,622,529,622,True,0.15199156328448385,1,False,False
cju7atnm31if40817pqclnjer,internal_val,True,531,622,531,622,True,0.1621402316808061,2,False,False
cju7avvi51iox0817ym55y6tt,internal_train,True,546,626,546,626,True,0.5174343760605742,1,False,False
cju7awzmu1ncs0871hziy65zx,internal_train,True,527,592,527,592,True,0.07979575875685932,1,False,False
cju7azuu31mia0801pf9ib5ed,internal_train,True,530,605,530,605,True,0.07007016996725401,1,False,False
cju7b10ce1mnm08011c5bwyr4,internal_train,True,530,622,530,622,True,0.1702360007280228,1,False,False
cju7b1ygu1msd0801hywhy0mc,internal_train,True,530,617,530,617,True,0.1504418825112382,1,False,False
cju7b2l561oas0871decgslaf,internal_train,True,531,569,531,569,True,0.08772121440793806,1,False,False
cju7b3f5h1sm40755i572jden,internal_train,True,531,622,531,622,True,0.14696532054426217,2,False,False
cju7b4mtw1n9n080186209f3d,internal_train,True,528,600,528,600,True,0.042619949494949495,1,False,False
cju7b5afm1nfw0801xqm8bf8q,internal_train,True,531,599,531,599,True,0.056594638270312414,1,False,False
cju7b9vcs1luz0987ta60j1dy,internal_train,True,547,626,547,626,True,0.13081519294905117,1,False,False
cju7bb3ss1uoo0755pmhyco7t,internal_val,True,529,502,529,502,True,0.16935660006476927,1,False,False
cju7bc95p1mdm0817yqj5jc6j,internal_train,True,529,622,529,622,True,0.0872148505643725,1,False,False
cju7bd1qu1mx409877xjxibox,internal_train,True,530,570,530,570,True,0.09371400198609732,1,False,False
cju7bduyq1rjf08719giru9ho,internal_train,True,508,622,508,622,True,0.11989518191255032,1,False,False
cju7bf1lp1shi081835vs84lc,internal_train,True,530,570,530,570,True,0.3630552797087057,1,False,False
cju7bfx651qr80801cs7epotb,internal_train,True,528,622,528,622,True,0.1838552323881906,1,False,False
cju7bgnvb1sf808717qa799ir,internal_train,True,528,590,528,590,True,0.1873234463276836,1,False,False
cju7bmi1v1pnj0987pa52jjok,internal_train,True,530,614,530,614,True,0.13480732591727612,1,False,False
cju7cl8zm1xcu0817ado0jpas,internal_train,True,530,570,530,570,True,0.3361800728235684,1,False,False
cju7cp6dw244p0818gncdol4m,internal_train,True,530,622,530,622,True,0.036024995449857426,1,False,False
cju7cq6su27qv075574dir0r3,internal_train,True,530,622,530,622,True,0.13061942607535035,1,False,False
cju7crgxa28550755wbsgqkel,internal_train,True,504,622,504,622,True,0.14552072168631655,1,False,False
cju7csvlb22fr0850lvm45n3x,internal_train,True,530,622,530,622,True,0.29405144694533764,2,False,False
cju7ctvqn25dy08186g442m1r,internal_train,True,531,622,531,622,True,0.138212194427792,1,False,False
cju7cue9b232j0801qdzk1ykj,internal_train,True,528,613,528,613,True,0.08660524494537546,1,False,False
cju7cufm7298k0755j09uf3of,internal_train,True,531,614,531,614,True,0.11819626173957318,1,False,False
cju7d1tvt25bu08019dvw3uff,internal_val,True,531,571,531,571,True,0.2781158373488214,2,False,False
cju7d2q1k27nf08715zshsckt,internal_train,True,530,620,530,620,True,0.21897748021911137,1,False,False
cju7d3oc82cho0755dajlwldz,internal_train,True,529,622,529,622,True,0.17205003677386807,1,False,False
cju7d4jk723eu0817bqz2n39m,internal_train,True,530,615,530,615,True,0.1257186685074398,1,False,False
cju7d5m0p23kn09871rk7pu3v,internal_train,True,531,563,531,563,True,0.38033068743247267,2,False,False
cju7d6ux323ze0987xos3srkx,internal_train,True,527,621,527,621,True,0.3737804300464147,1,False,False
cju7d7aut2a2p0818z4uxc6cd,internal_train,True,530,621,530,621,True,0.01695682557044329,1,False,False
cju7d7tly27h408016fyp5nr7,internal_train,True,528,528,528,528,True,0.15618902089072545,1,False,False
cju7d8m3b2e210755l8fj1yph,internal_val,True,528,619,528,619,True,0.2705518431487737,1,False,False
cju7d9seq29zd0871nzl2uu5m,internal_train,True,528,622,528,622,True,0.22550971938029815,1,False,False
cju7da88w2eod0755wejzynvt,internal_train,True,484,622,484,622,True,0.034552629481012995,1,False,False
cju7db7lp2f400755tntd1ohf,internal_val,True,522,612,522,612,True,0.2639890566699221,2,False,False
cju7dbppn28nx085097654msi,internal_train,True,546,626,546,626,True,0.2955915224285831,1,False,False
cju7dda8w2br20818zhsuz8s7,internal_val,True,530,564,530,564,True,0.36738926803158034,1,False,False
cju7ddtz729960801uazp1knc,internal_train,True,528,622,528,622,True,0.17246723667543604,2,False,False
cju7deifq2fzn0755lc8idyh8,internal_train,True,547,626,547,626,True,0.07830688448756214,1,False,False
cju7dff9529h208503w60lbil,internal_train,True,530,619,530,619,True,0.5120279208705459,1,False,False
cju7dglf226g50987ohbthl19,internal_train,True,528,621,528,621,True,0.16887168789342702,1,False,False
cju7dhpsc2dnn0818025m6857,internal_train,True,531,554,531,554,True,0.4917565794393794,2,False,False
cju7dizi82h2i0755doucgnt3,internal_train,True,529,622,529,622,True,0.0754624085971833,1,False,False
cju7dlk532dsh0871zvr6qz0r,internal_train,True,547,627,547,627,True,0.18529954602310997,1,False,False
cju7dmlgf2ebw0871ieqas5fh,internal_train,True,529,608,529,608,True,0.08711819719430902,3,False,False
cju7dn24o296i09871qfxb8s2,internal_train,True,547,626,547,626,True,0.14840167979861107,1,False,False
cju7do8c72dbo0801vxfzxdc4,internal_train,True,547,626,547,626,True,0.0410750477481003,1,False,False
cju7dp3dw2k4n0755zhe003ad,official_test,True,546,626,546,626,True,0.06519385832484874,1,False,False
cju7dqcwi2dz00850gcmr2ert,official_test,True,528,622,528,622,True,0.054525358082432036,1,False,False
cju7druhp2gp308715i6km7be,official_test,True,546,626,546,626,True,0.32219218481199313,1,False,False
cju7dsrtb2f8i085064kwugfk,official_test,True,530,584,530,584,True,0.08359395192556215,1,False,False
cju7dtb1e2j0t0818deq51ib3,official_test,True,528,622,528,622,True,0.16141722693169638,2,False,False
cju7dubap2g0w0801fgl42mg9,official_test,True,528,623,528,623,True,0.25321331290432414,1,False,False
cju7dvl5m2n4t0755hlnnjjet,official_test,True,530,537,530,537,True,0.027708091774709252,1,False,False
cju7dwe282dc309876rco45ts,official_test,True,530,622,530,622,True,0.31843717769823454,1,False,False
cju7dxffn2eam0817qxosfwch,official_test,True,546,626,546,626,True,0.17434083488396587,1,False,False
cju7dymur2od30755eg8yv2ht,official_test,True,530,622,530,622,True,0.14071770915488685,1,False,False
cju7dz5yy2i7z0801ausi7rna,official_test,True,529,619,529,619,True,0.028819579112600052,1,False,False
cju7ea4om2l910801bohqjccy,official_test,True,546,626,546,626,True,0.056317218457793534,1,False,False
cju7ebe962hr409872ovibahw,official_test,True,530,622,530,622,True,0.4367287508341928,2,False,False
cju7ecl9i2i060987xawjp4l0,official_test,True,529,622,529,622,True,0.23556549699426813,1,False,False
cju7eea9b2m0z0801ynqv1fqu,official_test,True,1012,1224,1012,1224,True,0.11344180293988478,3,False,False
cju7efffp2ivf0817etg3jehl,internal_train,True,546,626,546,626,True,0.4357131154255755,1,False,False
cju7ehljc2or70871261br8ai,internal_train,True,531,569,531,569,True,0.545589943701409,2,False,False
cju7ejm2l2ncl0801wq6y84nw,internal_train,True,546,626,546,626,True,0.06799669978583717,1,False,False
cju7ekbo32pft0871fv7kzwb9,internal_train,True,521,571,521,571,True,0.03046142572380341,1,False,False
cju7el6xv2k520817qxx9wdr5,internal_train,True,546,626,546,626,True,0.25203922807756673,1,False,False
cju7emdni2py40871ivhxjtut,internal_train,True,529,622,529,622,True,0.35432381670202223,1,False,False
cju7eotqi2qea0871y8yc7tqh,internal_train,True,546,626,546,626,True,0.6514499877119685,2,False,False
cju7epwj82koz098713apjnzo,internal_train,True,528,622,528,622,True,0.0711962876351944,1,False,False
cju7er4kc2opa0801anuxc0eb,internal_train,True,528,622,528,622,True,0.1730670856474715,1,False,False
cju7es23b2vcp0755gpbm9s7v,internal_train,True,529,584,529,584,True,0.3737181811119455,2,False,False
cju7et17a2vjk0755e743npl1,internal_train,True,546,626,546,626,True,0.040530023756860815,2,False,False
cju7etr3y2p4t0801cdzjj8ab,internal_train,True,528,623,528,623,True,0.08058818522301668,1,False,False
cju7eueum2oqn0850rodmx8zo,internal_train,True,530,562,530,562,True,0.08461693413012825,1,False,False
cju7ev2b12owa08500bpfpwyw,internal_train,True,530,622,530,622,True,0.1916095370988291,2,False,False
cju7evxt12m730987rxivne3x,internal_train,True,528,510,528,510,True,0.3791221033868093,2,False,False
cju7ey10f2rvf0871bwbi9x82,internal_train,True,530,622,530,622,True,0.0591548868531214,1,False,False
cju7ez7r22qbc08015xfoz2wb,internal_train,True,530,612,530,612,True,0.3296306572943643,2,False,False
cju7ezs7g2mxm098787atbran,internal_train,True,530,622,530,622,True,0.0471849784626585,1,False,False
cju7f0ec32txj08184asb8w5f,internal_train,True,445,604,445,604,True,0.06684649155443113,1,False,False
cju7f4sc62xqj075597xpmuoy,internal_train,True,547,626,547,626,True,0.13969896794014403,1,False,False
cju7f5ghb2r5s0801chwkxxh9,internal_train,True,1010,1220,1010,1220,True,0.2979037493913326,1,False,False
cju7f6cqy2ur20818t1saazbm,internal_train,True,546,626,546,626,True,0.12713138831349693,1,False,False
cju7f900s2o0k08175gl1giid,internal_train,True,529,622,529,622,True,0.18424619648794363,1,False,False
cju7f9umg2olj0987fj5y285w,internal_train,True,529,622,529,622,True,0.14640862149660525,1,False,False
cju7fazv92ywx0755xov2erga,internal_val,True,528,605,528,605,True,0.33425369396443777,2,False,False
cju7fbndk2sl608015ravktum,internal_train,True,530,569,530,569,True,0.11046854793248666,1,False,False
cju7fcgbe2z3p07550vaflqdb,internal_train,True,530,620,530,620,True,0.09517954960438223,1,False,False
cju7fd6yt2p740987wkr8exo1,internal_train,True,530,613,530,613,True,0.030902767090399828,1,False,False
cju7fen322ou10817ziqkob4k,internal_train,True,528,622,528,622,True,0.11860567085647472,3,False,False
cju7ff97z2ow40817u2r83my5,internal_train,True,529,622,529,622,True,0.028592442210322214,1,False,False
cju7flevb2wii08188otgs9p2,internal_train,True,528,600,528,600,True,0.6601483585858586,2,False,False
cju7fmvpk2q170987v6i3ola8,internal_train,True,531,620,531,620,True,0.18392260494502158,1,False,False
cju7fnfv02tt90801djnix9m8,internal_train,True,528,622,528,622,True,0.019027696579947385,1,False,False
cju7fob3x301u0755x985pmmq,internal_val,True,528,577,528,577,True,0.11835644136337377,1,False,False
cju7fpfzq2wyf0818xxd1oziv,internal_train,True,530,570,530,570,True,0.20672293942403178,2,False,False
cju7fq7mm2pw508176uk5ugtx,internal_train,True,506,571,506,571,True,0.3014335850702256,1,False,False
cju7frtqu2xa20818wq8r9fzf,internal_train,True,531,619,531,619,True,0.17786113925321503,2,False,False
cju7g7ba42z310987bqzbi2bq,internal_train,True,530,588,530,588,True,0.36847323835194457,2,False,False
cju83h9ysjwe808716nt35oah,internal_train,True,531,571,531,571,True,0.04676765577949941,1,False,False
cju83ipu3jwpx0801z5pvguf8,internal_train,True,529,622,529,622,True,0.030403783149666602,1,False,False
cju83k8fyjsxr0817d6nxs6r4,internal_train,True,528,621,528,621,True,0.11072073390913971,1,False,False
cju83kxitjv340987z09m0ezy,internal_train,True,546,626,546,626,True,0.04026085735350911,1,False,False
cju83mki1jv5w0817kubxm31r,internal_train,True,547,625,547,625,True,0.26568775137111517,2,False,False
cju83nwu1jxte0987h1krpfmv,internal_train,True,528,621,528,621,True,0.09418154979749183,1,False,False
cju83qd0yjyht0817ktkfl268,internal_train,True,531,572,531,572,True,0.42020597105342866,1,False,False
cju83rcnzkbsj0755x5anfrcg,internal_train,True,529,572,529,572,True,0.09199637791320212,1,False,False
cju83syhdk6gs0801rf1rekdl,internal_train,True,546,626,546,626,True,0.0921046472164683,1,False,False
cju83u9ftk3ni0987qnhlcinv,internal_train,True,476,576,476,576,True,0.3041075805322129,2,False,False
cju83vvmik9wa08710yeh7cuk,internal_train,True,530,570,530,570,True,0.07200264812975836,1,False,False
cju83wwn1k55e0850kw6i2d81,internal_val,True,527,622,527,622,True,0.07025143840338749,1,False,False
cju83yddek68q0850d2x7zfkm,internal_train,True,529,622,529,622,True,0.17762386107379693,1,False,False
cju8402x1kcy70801t6kz6bdi,internal_train,True,547,626,547,626,True,0.1695773051965119,1,False,False
cju8418jhkf7d0818ga2v0xq0,internal_train,True,546,626,546,626,True,0.41354199581036644,1,False,False
cju8432cmkgq90871cxe4iptl,internal_train,True,546,626,546,626,True,0.30073201558824564,1,False,False
cju843yjskhq30818qre4rwm2,internal_train,True,437,547,437,547,True,0.05474838833830463,1,False,False
cju846ec0kj7z08012o10klrb,internal_train,True,530,616,530,616,True,0.09856652781181083,1,False,False
cju847pxykriq0755268ktrk2,internal_train,True,531,606,531,606,True,0.21280913402074672,1,False,False
cju849c23kgnk0817cgv2hw1e,internal_train,True,531,622,531,622,True,0.08047062812990112,1,False,False
cju84aoa3ktwn0755pfl4gfwd,internal_train,True,547,626,547,626,True,0.3438476499757609,1,False,False
cju84dsvaklpx098750hp83x4,internal_train,True,530,570,530,570,True,0.3820622310493214,2,False,False
cju84ffdzkrjn08183jh1fxmb,internal_train,True,529,616,529,616,True,0.07695848574865588,1,False,False
cju84gpefknwm098714oq8q61,internal_train,True,528,622,528,622,True,0.1318358423462925,1,False,False
cju84hibuktj80871u519o71q,internal_train,True,529,622,529,622,True,0.06281949197357144,1,False,False
cju84ih17kp5l09876bkooocl,internal_val,True,531,622,531,622,True,0.11019371325110057,1,False,False
cju84jdl9kv0i0871eog9b3i9,internal_train,True,1070,1348,1070,1348,True,0.21553772983166478,1,False,False
cju84kplnl1y30755ropua1b0,internal_train,True,528,622,528,622,True,0.48916313456104454,1,False,False
cju8567gdlcbq0801dwwyo2jt,internal_train,True,530,570,530,570,True,0.30092684541542536,2,False,False
cju857ad0l88m0817qx4cwxnf,internal_train,True,529,623,529,623,True,0.12703334981961178,1,False,False
cju858eswlepn0871pzvdrhj1,internal_train,True,530,570,530,570,True,0.22614366103939093,2,False,False
cju85a8h8llwm07559wxg4t5w,internal_train,True,529,622,529,622,True,0.05874397486004656,1,False,False
cju85bf1algsq0871y9gtlq97,internal_train,True,528,475,528,475,True,0.08502392344497607,1,False,False
cju85c2d4ln1b0755zz1z3onx,internal_train,True,531,599,531,599,True,0.01332415293536937,1,False,False
cju85citjlnfm0755i4rk5tqj,internal_train,True,547,623,547,623,True,0.023452011702530366,1,False,False
cju85dx63lic408017f0l0400,internal_train,True,528,595,528,595,True,0.03081232492997199,1,False,False
cju85fc11ljr40818edpb0inh,internal_val,True,528,607,528,607,True,0.31882769207728023,2,False,False
cju85hguellg50818kwu3s8d1,internal_train,True,528,622,528,622,True,0.39969124524992694,2,False,False
cju85ia1slh220987y7c20sm2,internal_train,True,528,622,528,622,True,0.07332773068303615,1,False,False
cju85je7vlht70817c9jcjwi4,internal_train,True,1011,1220,1011,1220,True,0.35823158372654895,2,False,False
cju85l4yjlops0801fvmnwptf,internal_train,True,531,570,531,570,True,0.3502461426636271,2,False,False
cju85mpuglq8k0818d2it6hzb,internal_train,True,546,615,546,615,True,0.18018999970219482,1,False,False
cju85nr8elly209872w9n5m0s,official_test,True,529,615,529,615,True,0.060998662916685875,1,False,False
cju85omszllp30850b6rm9mi3,official_test,True,531,622,531,622,True,0.1225134884734863,1,False,False
cju85plp7lmkw0850rx42jdpf,official_test,True,530,596,530,596,True,0.3067873876155502,2,False,False
cju85qefyln6v0850szeb9byi,official_test,True,529,570,529,570,True,0.38419062779822905,2,False,False
cju85rkbnlo1c08503uxcpax1,official_test,True,531,622,531,622,True,0.17109015931840063,2,False,False
cju87kbcen2av0987usezo8kn,official_test,True,530,591,530,591,True,0.06093924592152731,2,False,False
cju87li0zn3yb0817kbwgjiz8,official_test,True,449,562,449,562,True,0.6329367752776038,2,False,False
cju87mrypnb1e0818scv1mxxg,official_test,True,530,615,530,615,True,0.040785396533210616,1,False,False
cju87nkyrnb970801q84m47yt,official_test,True,530,620,530,620,True,0.09164942178940962,1,False,False
cju87ox0kncom0801b98hqnd2,official_test,True,546,626,546,626,True,0.06512071528045969,1,False,False
cju87q6yoneim0871dl4phvkd,official_test,True,546,626,546,626,True,0.25841730154829196,1,False,False
cju87r56lnkyp0755hz30leew,official_test,True,429,566,429,566,True,0.30805472501585573,1,False,False
cju87tyddnnad0755bj0wxahe,official_test,True,477,551,477,551,True,0.45145666160630377,1,False,False
cju87vqa0ndwg0850onjdz7ol,official_test,True,530,556,530,556,True,0.6733168182435184,2,False,False
cju87xn2snfmv0987sc3d9xnq,official_test,True,530,604,530,604,True,0.16491940522304135,2,False,False
cju87z6o6nh73085045bzsx6o,official_test,True,530,622,530,622,True,0.11721773948917066,1,False,False
cju87zv8lni0o0850hbbecbq6,official_test,True,528,622,528,622,True,0.014177141186787489,1,False,False
cju8828oxnool0801qno9luhr,official_test,True,528,622,528,622,True,0.19077633245639677,1,False,False
cju884985nlmx0817vzpax3y4,official_test,True,529,581,529,581,True,0.01840253262577721,2,False,False
cju885ikhnmkn09878s2lqtuh,internal_train,True,530,570,530,570,True,0.09928169480304536,1,False,False
cju886ryxnsl50801r93jai7q,internal_train,True,530,622,530,622,True,0.12808651337741916,1,False,False
cju887ftknop008177nnjt46y,internal_train,True,528,619,528,619,True,0.036266338669408135,1,False,False
cju888fr7nveu0818r9uwtiit,internal_train,True,530,571,530,571,True,0.13151042527178403,1,False,False
cju88aq6vo1ij0755c2ey7z7n,internal_train,True,530,570,530,570,True,0.23964250248262164,1,False,False
cju88cddensj00987788yotmg,internal_train,True,531,622,531,622,True,0.05651534143550057,1,False,False
cju88evxanv9r08176zkeovec,internal_train,True,530,570,530,570,True,0.14292949354518372,1,False,False
cju88fpm4o0tl0871w1i6a4ds,internal_train,True,423,611,423,611,True,0.023246006043652036,1,False,False
cju88gx09o2vk0818610zody3,internal_train,True,547,626,547,626,True,0.0696859430760874,1,False,False
cju88itqbny720987hxizbj5y,internal_train,True,530,570,530,570,True,0.2129063224097981,1,False,False
cju88k75inzyb0850ccv5x3vk,internal_train,True,531,549,531,549,True,0.2427354649268144,2,False,False
cju88l66no10s0850rsda7ej1,internal_train,True,530,571,530,571,True,0.8118197138419853,2,False,False
cju88msmoo3470817m441j4sg,internal_train,True,530,615,530,615,True,0.1528700720969474,1,False,False
cju88nroho44508500129f1nh,internal_train,True,530,621,530,621,True,0.025691975815027496,1,False,False
cju88oh0po9gq0801nge4tgr1,internal_val,True,531,604,531,604,True,0.038288372557089584,1,False,False
cju88q6h6obpd0871ckmiabbo,internal_train,True,546,626,546,626,True,0.1043341642383176,3,False,False
cju88rl5eo94l0850kf5wtrm1,internal_train,True,530,590,530,590,True,0.2989670610809082,1,False,False
cju88t4fvokxf07558ymyh281,internal_train,True,530,570,530,570,True,0.052843429328037074,1,False,False
cju88trl3ogi208716qvti51b,internal_train,True,530,540,530,540,True,0.04840321453529001,1,False,False
cju88v2f9oi8w0871hx9auh01,internal_train,True,546,626,546,626,True,0.022332034312864985,1,False,False
cju88vx2uoocy075531lc63n3,internal_train,True,508,596,508,596,True,0.033121069597843895,1,False,False
cju88y1mwoln50871emyfny1g,internal_train,True,529,621,529,621,True,0.354233826166102,2,False,False
cju88z8bson4h0871nnd7fdxo,internal_train,True,546,626,546,626,True,0.09101627871595923,1,False,False
cju890guyoiti098753yg6cdu,internal_train,True,547,626,547,626,True,0.11402596795766627,1,False,False
cju8914beokbf0850isxpocrk,internal_train,True,547,626,547,626,True,0.02060615264206155,1,False,False
cju892fesoq2g0801n0e0jyia,internal_train,True,546,589,546,589,True,0.21488895937113256,1,False,False
cju893jmdompz0817xn3g1w4h,internal_train,True,547,626,547,626,True,0.16129220669232702,1,False,False
cju89y9h0puti0818i5yw29e6,internal_train,True,547,626,547,626,True,0.2873705544620381,1,False,False
cju89z6pqpqfx0817mfv8ixjc,internal_train,True,531,622,531,622,True,0.01485094555561611,1,False,False
cju8a1jtvpt9m081712iwkca7,internal_train,True,1070,1348,1070,1348,True,0.18690964807676308,2,False,False
cju8a2itsq4dv0755ntlovpxe,internal_train,True,531,582,531,582,True,0.03834106690999929,1,False,False
cju8a3nhbpwnb0850d37fo2na,internal_train,True,528,622,528,622,True,0.05933632953327487,1,False,False
cju8a56vxpy780850r45yu4wk,internal_train,True,530,584,530,584,True,0.1252907728095115,1,False,False
cju8a84g0q76m0818hwiggkod,internal_train,True,529,554,529,554,True,0.4615513229101977,1,False,False
cju8abobpqbir08189u01huru,internal_train,True,547,626,547,626,True,0.10768875831576243,2,False,False
cju8adb60qbiu080188mxpf8d,internal_val,True,528,623,528,623,True,0.0801048202733596,1,False,False
cju8aeei7q8k308173n9y4klv,internal_train,True,528,606,528,606,True,0.0662066206620662,1,False,False
cju8aj01yqeqm0850lhdz3xdw,internal_train,True,531,622,531,622,True,0.2106442373486899,1,False,False
cju8alhigqn2h0801zksudldd,internal_train,True,528,614,528,614,True,0.2960097719869707,1,False,False
cju8amfdtqi4x09871tygrgqe,internal_train,True,530,622,530,622,True,0.13358308560334892,1,False,False
cju8ando2qqdo0818ck7i1be1,internal_train,True,530,570,530,570,True,0.08390930155577624,1,False,False
cju8apjewqrk00801k5d71gky,internal_val,True,530,451,530,451,True,0.14618667112914696,1,False,False
cju8aqq8uqmoq0987hphto9gg,internal_train,True,546,626,546,626,True,0.26538637081768074,1,False,False
cju8arof2qpf20850ifr1bnqj,internal_train,True,530,594,530,594,True,0.15224572771742584,1,False,False
cju8ashhnquqr0801rwduzt7d,internal_train,True,1011,1220,1011,1220,True,0.07229410906260642,1,False,False
cju8at3s1qqqx0850hcq8nmnq,internal_train,True,529,593,529,593,True,0.026576600987577186,1,False,False
cju8auylgqx0z0871u4o4db7o,internal_train,True,531,622,531,622,True,0.028284920159136737,1,False,False
cju8aw9n1qyg10801jkjlmors,internal_train,True,530,622,530,622,True,0.2593490262694898,1,False,False
cju8axq24r4an0755yhv9d4ly,internal_val,True,530,603,530,603,True,0.03530148002127726,1,False,False
cju8ayeq7r1fb0818z1junacy,internal_train,True,528,602,528,602,True,0.04170127353266888,1,False,False
cju8azmhcr66e0755t61atz72,internal_train,True,531,548,531,548,True,0.17778052703204256,1,False,False
cju8b0jr0r2oi0801jiquetd5,internal_train,True,528,621,528,621,True,0.05733970136144049,1,False,False
cju8b1v3br45u087189kku66u,internal_train,True,546,626,546,626,True,0.245023347259769,2,False,False
cju8b2rmgr52s0801p54eyflx,internal_train,True,530,587,530,587,True,0.1664684516730417,1,False,False
cju8b3ka8r64u0801fh18hk7l,internal_train,True,546,626,546,626,True,0.03519350723823567,1,False,False
cju8b4ja9r2s808509d45ma86,internal_train,True,529,623,529,623,True,0.22033152591127145,1,False,False
cju8b542nr81x0871uxnkm9ih,internal_train,True,531,622,531,622,True,0.019434907139959188,1,False,False
cju8b5p40r2c60987ofa0mu03,internal_train,True,531,598,531,598,True,0.04599134591765395,1,False,False
cju8b6rp0r5st0850184f79xt,internal_train,True,546,626,546,626,True,0.2748657093705017,1,False,False
cju8b7aqtr4a00987coba14b7,internal_train,True,530,622,530,622,True,0.035005763513923434,1,False,False
cju8b8yair65w09878pyqtr96,internal_train,True,529,520,529,520,True,0.12577795550385343,2,False,False
cju8bafgqrf4x0818twisk3ea,internal_train,True,530,531,530,531,True,0.1750666240272892,1,False,False
cju8bbznkrf5g0871jncffynk,internal_train,True,531,619,531,619,True,0.2276680996321751,1,False,False
cju8bff9nrfi10850fmfzbf8v,internal_train,True,529,437,529,437,True,0.11013396893235802,1,False,False
cju8bgdmqrksy0801tozdmraa,internal_train,True,529,622,529,622,True,0.042636412815541064,1,False,False
cju8bh8surexp0987o5pzklk1,internal_train,True,506,577,506,577,True,0.22795089771956625,1,False,False
cju8bi8q7rlmn0871abc5ch8k,internal_train,True,531,622,531,622,True,0.06436620827050824,1,False,False
cju8bj2ssrmlm0871gc2ug2rs,internal_val,True,449,469,449,469,True,0.004739268974883774,1,False,False
cju8bk8oirjhw0817hgkua2w8,internal_train,True,509,575,509,575,True,0.29453147689416587,1,False,False
cju8bljw9rqk20801kr54akrl,internal_train,True,529,621,529,621,True,0.27726181017871654,1,False,False
cju8bm24yrrdp081829mbo8ic,internal_val,True,546,626,546,626,True,0.0765866189188873,1,False,False
cju8bn7m2rmm70817hgxpb1uq,internal_train,True,547,626,547,626,True,0.2239780154312515,1,False,False
cju8bop5jrsid08716i24fqda,internal_train,True,531,622,531,622,True,0.07344935539932543,1,False,False
cju8bpctzrqkr0850zeldv9kt,internal_train,True,546,626,546,626,True,0.07761647298388512,1,False,False
cju8bqxxurs6i0850mu7mtef9,internal_train,True,528,600,528,600,True,0.12892045454545453,1,False,False
cju8brv16rx7f0818uf5n89pv,internal_train,True,529,622,529,622,True,0.02608209386149928,1,False,False
cju8bssulrrcy0987h1vq5060,internal_val,True,531,548,531,548,True,0.1836673677265042,2,False,False
cju8buos5rz9b08715lfr0f4f,internal_train,True,530,576,530,576,True,0.21550052410901469,2,False,False
cju8bw697rwg308177tg8huas,internal_train,True,531,581,531,581,True,0.4368336947467027,1,False,False
cju8bysfgrzkl081786jwac09,internal_train,True,471,619,471,619,True,0.1740290654401147,1,False,False
cju8bzzy2s66m08016z6mouqt,internal_train,True,529,622,529,622,True,0.06816841823740723,1,False,False
cju8c1a0ws7o208181c6lbsom,internal_train,True,546,625,546,625,True,0.3423003663003663,1,False,False
cju8c2rqzs5t80850d0zky5dy,internal_val,True,490,615,490,615,True,0.3112493777999005,1,False,False
cju8c3xs7sauj0801ieyzezr5,internal_train,True,546,626,546,626,True,0.22682243209399758,1,False,False
cju8c5223s8j80850b4kealt4,internal_train,True,529,619,529,619,True,0.07126562447511231,1,False,False
cju8c5mxls96t0850wvkvsity,internal_train,True,531,609,531,609,True,0.1299960727196262,1,False,False
cju8c5zcbsdfz0801o5t6jag1,internal_train,True,546,626,546,626,True,0.0262144671090358,1,False,False
cju8c6hnxsdvr0801wn0vrsa6,internal_train,True,531,617,531,617,True,0.01107356841774335,1,False,False
cju8c82iosagu0817l74s4m5g,internal_train,True,547,626,547,626,True,0.3634959202387697,1,False,False
cju8c9akjsdjj0850s67uzlxq,internal_train,True,518,570,518,570,True,0.12116778432567907,1,False,False
cju8ca4geseia0850i2ru11hw,internal_train,True,529,617,529,617,True,0.09136838106209386,1,False,False
cju8cattbsivm0818p446wgel,internal_train,True,531,621,531,621,True,0.39281154568143845,1,False,False
cju8cbsyssiqj0871gr4jedjp,internal_train,True,531,571,531,571,True,0.14315586030389083,1,False,False
cju8cdeazsm8h0801jxifmzur,internal_train,True,547,626,547,626,True,0.1272202136544965,1,False,False
cju8ceacrsqkr0755hdz145es,official_test,True,492,566,492,566,True,0.039174495101841476,1,False,False
cju8cgi2kspp308011nxdtjp6,official_test,True,530,619,530,619,True,0.029429694882189775,1,False,False
cju8chdlqsu620755azjty1tj,official_test,True,530,622,530,622,True,0.10541163623126858,1,False,False
cju8chxndsre008015uisl4si,official_test,True,444,605,444,605,True,0.036076986076986076,1,False,False
cju8cj10qsrau0871o2dr6ai1,official_test,True,530,622,530,622,True,0.07090638840016987,1,False,False
cju8clorgsuwn08714toqb7v6,official_test,True,531,570,531,570,True,0.12445237387253444,1,False,False
cju8cwy02t9eq08185qn12c02,official_test,True,547,626,547,626,True,0.12937544900736517,2,False,False
cju8czvnztbf40871b4m7t78w,official_test,True,546,626,546,626,True,0.13351823894954887,1,False,False
cju8d2q30tfhs0801n7lx77xl,official_test,True,546,614,546,614,True,0.16964061996635288,1,False,False
cju8d4jgatgpj0871q2ophhkm,official_test,True,531,622,531,622,True,0.14567854136767974,1,False,False
cju8dic9mtppa0987swn23wbc,official_test,True,531,611,531,611,True,0.24522486368862134,2,False,False
cju8djdqztu6408506pzhlo18,official_test,True,530,611,530,611,True,0.08947595960843653,1,False,False
cju8dk7eztzup08182yxko5zh,official_test,True,528,623,528,623,True,0.05480264117904567,1,False,False
cju8dm2cau2km0818jsv9eeq2,official_test,True,547,626,547,626,True,0.1175333360590149,2,False,False
cju8dn0c3u2v50801k8rvq02f,official_test,True,1070,1348,1070,1348,True,0.3139126154358135,1,False,False
cju8doa16u5gh0818w1ywda3q,official_test,True,529,622,529,622,True,0.7187133401005354,2,False,False
cju8dpa89u6l80818dj6lldh9,official_test,True,529,623,529,623,True,0.11939909032154311,1,False,False
cju8dqkrqu83i0818ev74qpxq,official_test,True,1070,1348,1070,1348,True,0.5962082975124102,1,False,False
cjyzjzssvd8pq0838f4nolj5l,official_test,True,576,720,576,720,True,0.034235146604938274,1,False,False
cjyzk8qieoboa0848ogj51wwm,official_test,True,576,720,576,720,True,0.4736376350308642,1,False,False
cjyzkmjy8evns070165gf9dmq,official_test,True,576,720,576,720,True,0.09722222222222222,1,False,False
cjyzkpsbjdsjq07211dfi4sru,official_test,True,576,720,576,720,True,0.024580439814814815,1,False,False
cjyzl833ndne80838pzuq6ila,official_test,True,576,720,576,720,True,0.13537808641975307,1,False,False
cjyzlw7f9faqr070129au64sq,official_test,True,576,720,576,720,True,0.09407069830246914,1,False,False
cjyztzaqtrv430848l8xgcerw,official_test,True,576,720,576,720,True,0.1960961612654321,1,False,False
cjyzu3reghjya0794w7pwoi50,official_test,True,576,720,576,720,True,0.12073688271604938,1,False,False
cjyzu9th0qt4r0a46pyl4zik0,official_test,True,576,720,576,720,True,0.06599151234567902,1,False,False
cjyzufihqquiw0a46jatrbwln,official_test,True,576,720,576,720,True,0.39696903935185185,1,False,False
cjyzuio1qgh040763k56deohv,official_test,True,576,720,576,720,True,0.012497588734567902,1,False,False
cjyzul1qggwwj07216mhiv5sy,official_test,True,1072,1920,1072,1920,True,0.045657454912935325,1,False,False
cjyzurzvohqnr0794es1itzek,official_test,True,576,720,576,720,True,0.14736207561728396,1,False,False
cjz14qsk2wci60794un9ozwmw,official_test,True,576,720,576,720,True,0.10939911265432099,1,False,False
ck2395w2mb4vu07480otsu6tw,official_test,True,576,720,576,720,True,0.12433207947530864,1,False,False
ck2bxiswtxuw80838qkisqjwz,official_test,True,520,621,520,621,True,0.44238820760559894,1,False,False
ck2bxknhjvs1x0794iogrq49k,official_test,True,528,603,528,603,True,0.11980187446605357,2,False,False
ck2bxlujamu330725szlc2jdu,official_test,True,576,720,576,720,True,0.03799430941358025,1,False,False
ck2bxpfgxu2mk0748gsh7xelu,official_test,True,531,621,531,621,True,0.06669881213400414,1,False,False
ck2bxqz3evvg20794iiyv5v2m,official_test,True,576,720,576,720,True,0.08724922839506173,1,False,False
ck2bxskgxxzfv08386xkqtqdy,official_test,True,530,585,530,585,True,0.07093049508143848,2,False,False
ck2bxw18mmz1k0725litqq2mc,official_test,True,528,600,528,600,True,0.30569444444444444,1,False,False
ck2da7fwcjfis07218r1rvm95,official_test,True,576,720,576,720,True,0.03738908179012346,1,False,False
